Player,Nation_code,Age,Pos,Pos_group,Playing Time 90s,weighted_score_norm2,weighted_score_robust_z
Florian Wirtz,GER,20.0,MF,MID,26.4,79.41545454545455,58.59244271763402
Kevin De Bruyne,BEL,32.0,MF,MID,13.6,69.75411764705883,48.84387409005516
Xavi Simons,NED,20.0,MF,MID,29.5,59.08220338983051,45.98670683514615
Achraf Hakimi,MAR,24.0,DF,DEF,21.5,75.42302325581396,43.82434482538725
James Maddison,ENG,26.0,MF,MID,23.7,58.00206751054852,39.895842950915664
Álex Grimaldo,ESP,27.0,DF,DEF,30.9,50.45132686084143,39.644403408713565
Martin Ødegaard,NOR,24.0,MF,MID,34.3,58.21597667638485,39.358847490032915
Dani Olmo,ESP,25.0,MF,MID,16.1,47.40416149068322,38.878179203715696
Kevin Stöger,AUT,29.0,MF,MID,29.6,53.50945945945946,38.14278638861319
Jude Bellingham,ENG,20.0,MF,MID,25.7,56.8595719844358,37.85775791755801
Isco,ESP,31.0,MF,MID,25.8,55.737054263565895,37.752856244303715
Jonas Hofmann,GER,31.0,MF,MID,24.5,51.96448979591837,37.635209492733146
Samuel Lino,BRA,23.0,"DF,MF",MID,23.1,57.91086580086579,35.93696222110488
Andrew Robertson,SCO,29.0,DF,DEF,18.8,54.091914893617016,35.36899119236777
Rodrigo Riquelme,ESP,23.0,"DF,MF",MID,17.0,56.031176470588235,33.72275869996522
Jeremie Frimpong,NED,22.0,DF,DEF,25.0,67.47,33.33560654733737
Luka Modrić,CRO,37.0,MF,MID,18.8,55.411489361702124,33.06724090842798
Mohamed Salah,EGY,31.0,FW,FWD,28.2,46.91936170212766,32.00237417922785
Takumi Minamino,JPN,28.0,MF,MID,23.5,46.287021276595745,31.747973278730253
Kylian Mbappé,FRA,24.0,FW,FWD,24.0,49.98833333333334,31.330833950729403
Pervis Estupiñán,ECU,25.0,DF,DEF,13.8,48.25144927536232,30.658264347428652
Pascal Groß,GER,32.0,"MF,DF",MID,34.6,50.9950289017341,29.597029186625466
Ousmane Dembélé,FRA,26.0,"MF,FW",FWD,16.7,67.75065868263474,29.457880195369064
Lucas Vázquez,ESP,32.0,DF,DEF,15.8,48.20886075949367,29.040294423634133
Teun Koopmeiners,NED,25.0,MF,MID,29.2,47.14876712328767,29.007562834037994
Michael Olise,FRA,21.0,"FW,MF",FWD,14.2,44.30661971830986,28.75350593484488
Luis Alberto,ESP,30.0,MF,MID,25.7,50.728132295719846,28.65339475163379
Fran Garcia,ESP,23.0,DF,DEF,15.5,49.695161290322574,27.86593077856761
Cole Palmer,ENG,21.0,"FW,MF",FWD,29.0,40.17706896551724,27.484017461295533
Trent Alexander-Arnold,ENG,24.0,DF,DEF,23.9,44.480439330543945,26.902973064484552
Oihan Sancet,ESP,23.0,MF,MID,21.9,50.39351598173516,26.806180315971403
Alphonso Davies,CAN,22.0,DF,DEF,22.9,50.198646288209616,26.70457981215609
İlkay Gündoğan,GER,32.0,MF,MID,33.3,39.30687687687687,26.60311997683533
Denzel Dumfries,NED,27.0,DF,DEF,18.2,42.034285714285716,26.516800104851363
Leon Goretzka,GER,28.0,MF,MID,24.9,39.94036144578314,26.392986927361722
João Cancelo,POR,29.0,DF,DEF,27.8,48.08021582733812,26.326040654383558
Arne Maier,GER,24.0,MF,MID,11.1,42.079729729729735,25.700922765689537
Malo Gusto,FRA,20.0,DF,DEF,19.5,46.69974358974359,25.6881931062037
Jonathan Clauss,FRA,30.0,DF,DEF,23.0,48.799565217391304,25.58649016757802
Vinicius Júnior,BRA,23.0,FW,FWD,20.7,50.059082125603865,25.526994153376226
Leroy Sané,GER,27.0,FW,FWD,23.7,46.94042194092827,25.514868645658932
Pascal Stenzel,GER,27.0,DF,DEF,11.8,43.02016949152542,25.055232500482234
David Raum,GER,25.0,DF,DEF,30.4,45.69526315789474,25.013087672185897
Deniz Undav,GER,27.0,"FW,MF",FWD,23.2,35.34827586206897,24.946609910146282
Noussair Mazraoui,MAR,25.0,DF,DEF,13.3,49.28624060150375,24.94239906771615
Kieran Trippier,ENG,32.0,DF,DEF,24.8,39.85709677419355,24.69603254379009
Joshua Kimmich,GER,28.0,"MF,DF",MID,24.2,51.210165289256196,24.189046427993958
Mario Pašalić,CRO,28.0,MF,MID,22.8,35.28473684210527,23.685877937330282
Alfonso Pedraza,ESP,27.0,DF,DEF,12.4,45.302903225806446,23.518636095502032
Adrien Thomasson,FRA,29.0,MF,MID,13.3,48.977293233082705,23.184721120579777
Bukayo Saka,ENG,21.0,FW,FWD,32.4,52.465246913580245,23.089662003109932
Josip Stanišić,CRO,23.0,DF,DEF,14.0,44.14,22.53128413101891
David Pereira da Costa,POR,22.0,MF,MID,16.6,42.6733734939759,22.16758800219498
Maximilian Mittelstädt,GER,26.0,DF,DEF,23.4,41.898376068376066,21.640892078360967
Theo Hernández,FRA,25.0,DF,DEF,31.0,39.641451612903225,21.479306162005503
Pedro Porro,ESP,23.0,DF,DEF,34.3,36.68513119533528,21.25293227997012
Vitinha,POR,23.0,MF,MID,23.6,45.615932203389825,21.06945699355497
Miguel Gutiérrez,ESP,22.0,DF,DEF,33.7,36.845697329376854,20.80542704289881
Rodrigo De Paul,ARG,29.0,MF,MID,23.1,44.29411255411255,20.801174349379682
Angelo Fulgini,FRA,26.0,MF,MID,15.3,45.82836601307189,20.676585998730477
Rodri,ESP,27.0,MF,MID,32.6,48.320368098159506,20.31386476705962
Jamal Musiala,GER,20.0,"MF,FW",FWD,19.5,41.305897435897435,19.792595878044732
Téji Savanier,FRA,31.0,MF,MID,30.7,38.210912052117266,19.653500871158023
Silvan Widmer,SUI,30.0,DF,DEF,13.8,32.99405797101449,19.4678383359255
Juanlu Sánchez,ESP,19.0,DF,DEF,13.1,47.114885496183206,19.457957497865632
Son Heung-min,KOR,31.0,FW,FWD,32.6,39.67119631901841,19.447877029917162
Junior Dina Ebimbe,FRA,22.0,"MF,DF",MID,21.7,42.00649769585254,19.06791548028769
Federico Valverde,URU,25.0,MF,MID,32.3,42.066315789473684,19.06327160299904
Kingsley Coman,FRA,27.0,FW,FWD,12.4,59.98,19.044586267915466
Alfie Doughty,ENG,23.0,DF,DEF,32.5,34.426153846153845,18.90222164156484
Ismail Jakobs,SEN,23.0,DF,DEF,16.3,43.48343558282208,18.89884394196366
Raphaël Guerreiro,POR,29.0,"DF,MF",MID,13.2,49.300303030303034,18.73836531576514
Julien Ponceau,FRA,22.0,MF,MID,24.9,50.50775100401607,18.52786278536427
Toni Kroos,GER,33.0,MF,MID,23.6,46.361525423728814,18.432193804545957
Ruben Aguilar,FRA,30.0,DF,DEF,21.4,43.71738317757009,18.238226826521235
Bradley Barcola,FRA,20.0,"FW,MF",FWD,15.2,51.043157894736844,17.87573873635602
Brahim Díaz,MAR,23.0,"FW,MF",FWD,17.2,40.48046511627907,17.796783425474075
Rafael Leão,POR,24.0,FW,FWD,27.9,44.00100358422939,17.766549690814546
Harry Kane,ENG,30.0,FW,FWD,31.5,26.16111111111111,17.7658289992754
Loïs Openda,BEL,23.0,FW,FWD,30.0,28.406666666666666,17.737835921119636
Paulo Dybala,ARG,29.0,"FW,MF",FWD,21.8,37.72385321100917,17.73265809391761
Raphinha,BRA,26.0,"FW,MF",FWD,15.2,39.65236842105263,17.73207985726917
Jonathan Viera,ESP,33.0,MF,MID,10.1,40.75188118811881,17.66955494238585
Thomas Müller,GER,33.0,"MF,FW",FWD,18.4,37.11826086956522,17.623313106632885
Charles De Ketelaere,BEL,22.0,"FW,MF",FWD,22.5,41.90944444444444,17.613302286813077
Florian Neuhaus,GER,26.0,MF,MID,13.6,34.132352941176464,17.600446631875485
Marcos Llorente,ESP,28.0,"MF,DF",MID,28.5,39.01824561403509,17.42367757535522
Andreas Pereira,BRA,27.0,MF,MID,29.0,34.75310344827587,17.277029339565726
Benjamin Henrichs,GER,26.0,DF,DEF,28.1,36.71747330960854,16.862366547016155
Tom Cairney,SCO,32.0,MF,MID,16.5,47.03636363636364,16.8529920312392
Ian Maatsen,NED,21.0,DF,DEF,14.0,36.761428571428574,16.83241139951593
Darwin Núñez,URU,24.0,FW,FWD,22.7,32.40114537444934,16.804976538293328
Mitchell Weiser,GER,29.0,"DF,MF",MID,29.3,40.439590443685994,16.68454289731693
Alejandro Balde,ESP,19.0,DF,DEF,15.3,50.24464052287582,16.52458958911024
Óscar de Marcos,ESP,34.0,DF,DEF,25.1,38.63828685258964,16.418820682703192
Marco Asensio,ESP,27.0,"MF,FW",FWD,12.4,35.57677419354839,16.378693989247147
Quentin Merlin,FRA,21.0,DF,DEF,14.3,41.0693006993007,16.36348112904688
Adrià Pedrosa,ESP,25.0,DF,DEF,19.5,34.009487179487174,16.096376333147525
Bruno Guimarães,BRA,25.0,MF,MID,36.3,36.38545454545454,15.930716148214207
Sergi Darder,ESP,29.0,MF,MID,24.0,34.48833333333334,15.920856158654582
Phil Foden,ENG,23.0,"FW,MF",FWD,31.7,37.18539432176656,15.853940039714306
Jeremy Doku,BEL,21.0,"FW,MF",FWD,17.7,66.58728813559324,15.613332585403585
Nahuel Molina,ARG,25.0,DF,DEF,20.6,42.0021359223301,15.577420363973863
Carlos Soler,ESP,26.0,"MF,DF",MID,12.1,38.30157024793389,15.42845828141269
Gabriel Martinelli,BRA,22.0,FW,FWD,22.4,50.54178571428572,15.425844585062618
Amine Adli,MAR,23.0,"MF,FW",FWD,10.0,43.75,15.358042061567536
Jesús Areso,ESP,24.0,DF,DEF,29.6,37.47054054054053,15.355451682939531
Mathys Tel,FRA,18.0,"FW,MF",FWD,11.7,37.011452991453,15.320340149217195
Andrej Kramarić,CRO,32.0,"MF,FW",FWD,24.4,33.79409836065574,15.291070282981194
Ansgar Knauff,GER,21.0,"MF,DF",MID,23.4,39.51324786324787,15.119484625035625
Declan Rice,ENG,24.0,MF,MID,35.8,36.494469273743015,15.05292290049186
Joško Gvardiol,CRO,21.0,DF,DEF,25.9,36.72482625482626,15.01877516516374
Konrad Laimer,AUT,26.0,"DF,MF",MID,19.7,44.703299492385796,14.968789953133358
Marius Wolf,GER,28.0,DF,DEF,13.0,40.46,14.84418144188207
Rodrygo,BRA,22.0,FW,FWD,26.4,44.68590909090909,14.747022251277192
Kyle Walker,ENG,33.0,DF,DEF,30.7,39.76596091205212,14.180428736319017
Julian Ryerson,NOR,25.0,DF,DEF,19.6,34.64959183673469,14.12121171786043
Exequiel Palacios,ARG,24.0,MF,MID,20.3,35.6623645320197,14.048145367216335
Mahdi Camara,FRA,25.0,MF,MID,22.4,34.597857142857144,13.970170198036403
Sergio Reguilón,ESP,26.0,DF,DEF,12.4,27.853548387096772,13.790359713843124
Diogo Jota,POR,26.0,FW,FWD,12.7,35.6536220472441,13.737573999988156
Tiago santos,POR,21.0,DF,DEF,26.3,37.95851711026616,13.63705094518813
Piero Hincapié,ECU,21.0,DF,DEF,16.5,34.17696969696969,13.589239646300665
João Félix,POR,23.0,FW,FWD,17.1,39.0940350877193,13.424507448845759
Noni Madueke,ENG,21.0,FW,FWD,11.7,47.57226495726496,13.41452617955723
Angel Gomes,ENG,22.0,MF,MID,28.6,35.45118881118881,13.358920790667964
Matías Viña,URU,25.0,DF,DEF,11.3,29.12858407079646,13.2119769281977
Enzo Fernández,ARG,22.0,MF,MID,24.5,39.748163265306125,13.143683821942409
Nadiem Amiri,GER,26.0,MF,MID,14.6,27.647945205479452,13.141643450626066
Youssouf Fofana,FRA,24.0,MF,MID,30.0,40.02,13.054697337283015
Jordan Veretout,FRA,30.0,MF,MID,24.3,41.519218106995886,13.023279599071696
Randal Kolo Muani,FRA,24.0,"FW,MF",FWD,14.1,32.46340425531915,12.905216495389531
Adrien Truffert,FRA,21.0,DF,DEF,23.8,41.77453781512605,12.795676972655283
Antonee Robinson,USA,25.0,DF,DEF,36.3,35.290743801652894,12.723945370298194
Jules Koundé,FRA,24.0,DF,DEF,32.2,35.25683229813664,12.612550262198827
Javi Galán,ESP,28.0,DF,DEF,11.9,40.62613445378151,12.577821295751226
Rayan Cherki,FRA,19.0,"MF,FW",FWD,19.1,45.26607329842932,12.529998942990908
Ben White,ENG,25.0,DF,DEF,33.2,36.332891566265054,12.50910561988628
Romain Del Castillo,FRA,27.0,FW,FWD,27.7,41.66637184115524,12.506144262362998
Ulisses Garcia,SUI,27.0,DF,DEF,10.1,41.51712871287128,12.497656018611792
Chris Führich,GER,25.0,"FW,MF",FWD,28.5,41.562543859649125,12.463495436999155
Ritsu Doan,JPN,25.0,"DF,MF",MID,25.0,33.4,12.443370465758555
Johan Mojica,COL,30.0,DF,DEF,22.7,34.30854625550661,12.428294007059211
Guela Doué,CIV,20.0,DF,DEF,13.7,39.55109489051095,12.385946493471838
Álex Moreno,ESP,30.0,DF,DEF,11.5,36.55695652173913,12.326935827171402
Gerard Moreno,ESP,31.0,FW,FWD,24.6,35.86792682926829,12.18022808740125
Erling Haaland,NOR,23.0,FW,FWD,28.4,19.40380281690141,12.136957314491442
Rogério,BRA,25.0,DF,DEF,10.1,37.63574257425743,11.997409563106922
Daichi Kamada,JPN,26.0,MF,MID,17.2,38.45116279069767,11.966808318624386
Mário Rui,POR,32.0,DF,DEF,13.4,40.73925373134328,11.736625975145758
Leandro Trossard,BEL,28.0,"FW,MF",FWD,18.3,35.989726775956285,11.715501749630924
Cody Gakpo,NED,24.0,"FW,MF",FWD,18.3,31.57349726775956,11.669929037423744
Ryan Gravenberch,NED,21.0,MF,MID,12.5,45.809999999999995,11.543029856314014
Jacob Murphy,ENG,28.0,"FW,DF",FWD,13.2,32.89424242424242,11.54169666560854
Mohamed Simakan,FRA,23.0,DF,DEF,23.8,27.670756302521013,11.483473434064175
Julian Brandt,GER,27.0,"MF,FW",FWD,24.7,31.137165991902833,11.47276324069663
Morgan Sanson,FRA,28.0,MF,MID,21.8,32.90788990825688,11.307660279346333
Carlos Augusto,BRA,24.0,DF,DEF,19.2,29.36791666666667,11.241426268491669
Philipp Max,GER,29.0,DF,DEF,15.0,29.37666666666667,11.152493253258704
Kaoru Mitoma,JPN,26.0,FW,FWD,16.5,53.12151515151515,11.11404565555964
César Azpilicueta,ESP,33.0,DF,DEF,15.8,29.777215189873417,11.09284412552425
Luis Díaz,COL,26.0,FW,FWD,29.2,40.4654794520548,11.013281893226011
Harvey Elliott,ENG,20.0,"MF,FW",FWD,15.0,41.46666666666666,10.901264828384157
Wissam Ben Yedder,FRA,32.0,FW,FWD,25.7,33.01570038910506,10.854653730537665
Niels Nkounkou,FRA,22.0,"DF,MF",MID,14.5,37.883793103448276,10.852489898431394
Maxence Caqueret,FRA,23.0,MF,MID,33.6,41.31738095238095,10.852259533876714
Leonardo Bittencourt,GER,29.0,MF,MID,17.5,38.42,10.728065219506231
Pedro Neto,POR,23.0,"FW,MF",FWD,16.8,38.165238095238095,10.707831662011094
Pedro Neto,POR,23.0,"FW,MF",FWD,16.8,38.165238095238095,10.707831662011094
Christian Pulisic,USA,24.0,"FW,MF",FWD,28.9,38.27411764705882,10.655846070804172
Ruben Loftus-Cheek,ENG,27.0,MF,MID,23.0,34.95565217391304,10.543155676723321
Yuri Berchiche,ESP,33.0,DF,DEF,21.4,34.54714953271028,10.540715665900908
Sergi Cardona,ESP,24.0,DF,DEF,31.3,36.969520766773165,10.539211725727764
Lamine Yamal,ESP,16.0,FW,FWD,24.5,47.15040816326531,10.532510562991003
Valentino Livramento,ENG,20.0,DF,DEF,14.6,37.323287671232876,10.52290927020537
Ainsley Maitland-Niles,ENG,25.0,"DF,MF",MID,15.9,36.181194968553456,10.496490534026055
Ismaël Bennacer,ALG,25.0,MF,MID,12.8,30.710625,10.444321944091595
Dani Carvajal,ESP,31.0,DF,DEF,24.1,35.3058091286307,10.429549362219879
João Pedro,BRA,21.0,"FW,MF",FWD,22.7,36.51207048458149,10.382238831077883
José Luis Gayà,ESP,28.0,DF,DEF,19.9,32.08778894472362,10.132360576655252
Richarlison,BRA,26.0,FW,FWD,16.6,24.761204819277104,10.131212963860301
Lucas Digne,FRA,30.0,DF,DEF,26.8,36.047761194029846,10.108436235756916
Folarin Balogun,USA,22.0,FW,FWD,18.8,31.60191489361702,10.069972898041135
Lautaro Martínez,ARG,25.0,FW,FWD,29.5,25.126271186440675,10.04217801150248
Josha Vagnoman,GER,22.0,DF,DEF,13.1,27.849236641221374,10.00614293642468
James Ward-Prowse,ENG,28.0,MF,MID,33.3,22.20015015015015,9.998328371992773
Jadon Sancho,ENG,23.0,"FW,MF",FWD,10.5,46.76761904761905,9.987882968664463
Donyell Malen,NED,24.0,"FW,MF",FWD,19.8,33.16343434343434,9.966218006956256
Emir Karic,AUT,26.0,DF,DEF,19.8,38.72585858585858,9.93823711864955
Raheem Sterling,ENG,28.0,"FW,MF",FWD,22.0,42.391818181818174,9.765149299051812
Sávio,BRA,19.0,"FW,MF",FWD,33.1,41.312175226586106,9.764227960882113
Nico Williams,ESP,21.0,FW,FWD,25.1,43.078247011952186,9.736321122532992
Kevin Mbabu,SUI,28.0,DF,DEF,22.7,34.5109691629956,9.725499290815742
Iago Aspas,ESP,35.0,FW,FWD,30.1,32.65343853820598,9.698109486698028
Marco Reus,GER,34.0,"MF,FW",FWD,17.8,24.17179775280899,9.56800809055771
Rémy Cabella,FRA,33.0,"FW,MF",FWD,16.4,43.17951219512196,9.52672241338531
Weston McKennie,USA,24.0,"MF,DF",MID,28.8,35.684999999999995,9.493671553808207
Alexander Sørloth,NOR,27.0,FW,FWD,27.7,22.295631768953065,9.460893004417835
Bernardo Silva,POR,28.0,"MF,FW",FWD,28.6,42.249930069930066,9.41488137877487
Joe Gomez,ENG,26.0,DF,DEF,19.8,37.754747474747475,9.38513000940803
Jesús Navas,ESP,37.0,DF,DEF,22.3,40.14578475336323,9.380507054616237
Justin Njinmah,GER,22.0,FW,FWD,11.3,29.08823008849558,9.346022826478173
Ollie Watkins,ENG,27.0,FW,FWD,35.7,22.571372549019607,9.321661830368981
Douglas Luiz,BRA,25.0,MF,MID,33.3,26.47468468468469,9.317614876388685
Théo Le Bris,FRA,20.0,"DF,MF",MID,16.8,41.93095238095238,9.253475723276214
Christian Günter,GER,30.0,DF,DEF,11.8,26.41322033898305,9.250053467898947
Frenkie de Jong,NED,26.0,MF,MID,18.2,45.605054945054945,9.220974668597524
Bruno Fernandes,POR,28.0,"MF,FW",FWD,34.6,35.11384393063584,9.20270363833857
Nicolás González,ARG,25.0,FW,FWD,21.3,35.464624413145536,9.199574722718786
Eric García,ESP,22.0,DF,DEF,29.3,29.2519795221843,9.146104025028587
Takefusa Kubo,JPN,22.0,"FW,MF",FWD,23.9,40.31715481171548,9.118889257109505
Mathías Olivera,URU,25.0,DF,DEF,17.4,36.861724137931034,9.107358664091596
Iván Martín,ESP,24.0,MF,MID,30.3,34.3223102310231,9.10376434019948
Javi López,ESP,21.0,DF,DEF,26.5,30.40679245283019,9.089656930997997
Vanderson,BRA,22.0,DF,DEF,18.2,37.408131868131875,9.087902755899721
Eberechi Eze,ENG,25.0,"MF,FW",FWD,22.8,29.58421052631579,9.055698404419878
Azzedine Ounahi,MAR,23.0,MF,MID,13.4,45.322238805970144,8.986439534197832
Ángel Correa,ARG,28.0,"FW,MF",FWD,17.0,30.349705882352943,8.973782774568047
Sael Kumbedi,FRA,18.0,DF,DEF,10.3,39.680388349514566,8.946239207633713
Michael Amir Murillo,PAN,27.0,DF,DEF,11.1,25.78486486486487,8.904623643082449
Warren Zaïre-Emery,FRA,17.0,"MF,DF",MID,21.8,36.736330275229356,8.889043080825598
Moussa Diaby,FRA,24.0,"FW,MF",FWD,24.2,31.621652892561983,8.862998849154234
Luca Netz,GER,20.0,DF,DEF,24.7,27.96842105263158,8.846944974624535
Tijjani Reijnders,NED,25.0,MF,MID,31.3,37.41782747603834,8.781225987039576
Portu,ESP,31.0,"MF,FW",FWD,13.2,27.665151515151518,8.756765490708984
Matías Vecino,URU,31.0,MF,MID,12.8,32.396875,8.749949965212394
Pape Matar Sarr,SEN,20.0,MF,MID,23.0,37.77173913043479,8.692360240971121
Ferrán Torres,ESP,23.0,FW,FWD,13.5,31.045555555555556,8.692284706264617
Jonathan David,CAN,23.0,FW,FWD,29.2,26.169794520547946,8.590494662493319
Ivan Rakitić,CRO,35.0,MF,MID,15.8,39.33455696202531,8.507349704082499
Conor Gallagher,ENG,23.0,MF,MID,34.8,31.97229885057472,8.500966694215752
Gonçalo Ramos,POR,22.0,FW,FWD,15.8,20.654240506329113,8.487100591762134
Lewis Ferguson,SCO,23.0,MF,MID,30.1,34.62225913621262,8.461849820571771
Andy Diouf,FRA,20.0,MF,MID,14.6,41.12794520547945,8.444351505775781
Deiver Machado,COL,29.0,DF,DEF,12.5,29.61,8.37766190611418
Isaac Bernal,ESP,23.0,FW,FWD,11.5,23.070434782608697,8.375395983010364
Junya Ito,JPN,30.0,"FW,MF",FWD,30.2,38.261390728476826,8.355322266866247
Anthony Caci,FRA,26.0,DF,DEF,27.6,28.738405797101446,8.29884770414657
Jack Grealish,ENG,27.0,"FW,MF",FWD,11.2,52.00000000000001,8.16023627836638
Hassane Kamara,CIV,29.0,DF,DEF,24.7,28.80056680161944,8.139704797478334
Juan Miranda,ESP,23.0,DF,DEF,20.6,33.95368932038834,8.138998381360464
Rocco Reitz,GER,21.0,MF,MID,23.7,27.861308016877636,8.018286891906213
Julián Álvarez,ARG,23.0,"MF,FW",FWD,29.4,26.872414965986398,8.01447907006934
Kieran Tierney,SCO,26.0,DF,DEF,13.8,30.337536231884062,7.98343205795995
Pablo Ibáñez,ESP,24.0,MF,MID,12.8,35.332499999999996,7.930236555870725
Bradley Locko,FRA,21.0,DF,DEF,32.9,34.24136778115502,7.871608970653058
Callum Wilson,ENG,31.0,FW,FWD,11.0,22.278636363636362,7.83860522989121
Ismaily,BRA,33.0,DF,DEF,27.4,32.80124087591241,7.816590106450762
Bafodé Diakité,FRA,22.0,DF,DEF,18.8,20.653617021276595,7.785787592512533
Désiré Doué,FRA,18.0,"MF,FW",FWD,18.1,42.73872928176795,7.744070773917295
Valentino Lazaro,AUT,27.0,"DF,MF",MID,22.2,35.14405405405405,7.650956987337157
Odilon Kossonou,CIV,22.0,DF,DEF,20.1,31.632537313432834,7.64187896327649
Pol Lirola,ESP,25.0,DF,DEF,17.1,27.399064327485377,7.585323735074274
Vitinha,POR,23.0,FW,FWD,10.3,26.922233009708737,7.545502690990241
Aleix García,ESP,26.0,MF,MID,35.5,35.24999999999999,7.481254016414201
Alassane Pléa,FRA,30.0,"FW,MF",FWD,21.3,33.43117370892019,7.441087347595738
Adrien Rabiot,FRA,28.0,MF,MID,29.5,31.323898305084747,7.408837025921237
Lucas Martínez Quarta,ARG,27.0,DF,DEF,25.5,25.58882352941177,7.378960401942217
Josip Juranović,CRO,27.0,DF,DEF,14.4,25.39222222222222,7.345806382515098
Curtis Jones,ENG,22.0,MF,MID,13.0,45.18076923076923,7.323314674424136
Junior Messias,BRA,32.0,"MF,DF",MID,11.7,36.43102564102564,7.292059785520592
Christopher Operi,CIV,26.0,DF,DEF,27.2,25.235294117647058,7.274586481297495
Jeremy Toljan,GER,28.0,DF,DEF,23.1,26.4008658008658,7.25542723538389
Pablo Sarabia,ESP,31.0,"MF,FW",FWD,19.4,31.9998969072165,7.187651346963382
Pablo Sarabia,ESP,31.0,"MF,FW",FWD,19.4,31.9998969072165,7.187651346963382
Fabián Ruiz Peña,ESP,27.0,MF,MID,13.3,31.419999999999995,7.1548404744210465
Antoine Griezmann,FRA,32.0,"FW,MF",FWD,29.4,27.625646258503405,7.146127819644291
Pubill,ESP,20.0,DF,DEF,20.9,26.241626794258377,7.004917840833026
Facundo Medina,ARG,24.0,DF,DEF,30.2,28.833708609271522,6.992168954192147
Robin Hack,GER,24.0,"FW,MF",FWD,15.0,29.770000000000003,6.88545532539424
Takehiro Tomiyasu,JPN,24.0,DF,DEF,12.8,29.796875,6.879855482296678
Alejandro Garnacho,ARG,19.0,FW,FWD,28.5,38.68105263157895,6.765802975197937
Alexis Mac Allister,ARG,24.0,MF,MID,28.9,32.40885813148789,6.738699699215362
Omar Marmoush,EGY,24.0,"FW,MF",FWD,25.6,27.6646875,6.698394642926204
Xaver Schlager,AUT,25.0,MF,MID,27.5,38.599090909090904,6.694335974162958
Wesley Saïd,FRA,28.0,"FW,MF",FWD,11.3,28.213274336283188,6.634345292980807
Franck Honorat,FRA,26.0,"DF,FW",FWD,26.1,35.025134099616864,6.599889647693734
Youssouf Sabaly,SEN,30.0,DF,DEF,11.6,31.390689655172412,6.591598025550794
Ramy Bensebaini,ALG,28.0,DF,DEF,11.5,40.21,6.591547965215991
Corentin Tolisso,FRA,28.0,MF,MID,19.3,39.52103626943005,6.589864429443756
Maghnes Akliouche,FRA,21.0,"MF,FW",FWD,17.9,33.22519553072626,6.5353836976843445
Jamie Leweling,GER,22.0,"FW,MF",FWD,16.9,34.67183431952663,6.471378107802359
Yann Aurel Bisseck,GER,22.0,DF,DEF,10.0,22.59,6.372700538619949
Angelo Stiller,GER,22.0,MF,MID,29.9,33.92247491638796,6.342039826848314
Phillipp Mwene,AUT,29.0,DF,DEF,22.2,29.43396396396396,6.292724576910956
Mohamed Bamba,CIV,21.0,FW,FWD,12.6,21.337222222222223,6.291661459146127
Diego Rico,ESP,30.0,DF,DEF,28.2,24.47794326241135,6.227239039240864
Marvin Mehlem,GER,25.0,MF,MID,16.5,27.75363636363636,6.20577966208072
Ross Barkley,ENG,29.0,MF,MID,29.1,26.997010309278348,6.191286179847937
Lucas Hernández,FRA,27.0,DF,DEF,21.2,29.460943396226416,6.171218778783557
Hans Hateboer,NED,29.0,DF,DEF,12.4,32.042258064516126,6.147852153130385
Nico Schlotterbeck,GER,23.0,DF,DEF,31.8,23.987798742138366,6.143055858012414
Niklas Schmidt,GER,25.0,MF,MID,14.1,36.713758865248224,6.134991119953173
Alfred Duncan,GHA,30.0,MF,MID,21.0,30.264761904761905,6.125148937799838
Rick Karsdorp,NED,28.0,DF,DEF,13.2,26.882121212121213,6.1134237215001
Benjamin Bourigeaud,FRA,29.0,"MF,FW",FWD,26.9,28.264033457249074,6.092796874780174
Iñaki Williams,GHA,29.0,FW,FWD,31.6,35.721265822784815,6.085740185174827
Nathan Patterson,SCO,21.0,DF,DEF,11.2,25.51142857142857,6.069898823629675
Nathan Aké,NED,28.0,DF,DEF,22.7,21.36105726872247,6.048055361648882
Aihen Muñoz,ESP,25.0,DF,DEF,12.5,21.14,5.951447115602468
Anthony Gordon,ENG,22.0,FW,FWD,32.1,31.995809968847354,5.927485612506963
Alex Baena,ESP,22.0,"MF,FW",FWD,28.7,32.15703832752613,5.913141213103124
Nicolás Tagliafico,ARG,30.0,DF,DEF,23.6,32.603389830508476,5.763222918350797
Emmanuel Agbadou,CIV,26.0,DF,DEF,28.8,25.235277777777778,5.762572981682623
Nicolas Jackson,SEN,22.0,FW,FWD,31.1,25.10048231511254,5.750619996273838
Juan Foyth,ARG,25.0,DF,DEF,11.8,25.26050847457627,5.6404511498893175
Jamie Bynoe-Gittens,ENG,18.0,"FW,MF",FWD,11.8,34.96610169491525,5.609486102754021
Dodi Lukebakio,BEL,25.0,"FW,MF",FWD,12.5,33.21,5.519571212242857
Yacine Adli,FRA,23.0,MF,MID,15.6,35.58538461538461,5.482549581438249
Maximilian Wöber,AUT,25.0,DF,DEF,23.0,24.202173913043477,5.466401617339436
Lewis Miley,ENG,17.0,MF,MID,13.4,28.384925373134326,5.456797917744012
Matthias Ginter,GER,29.0,DF,DEF,21.3,25.440422535211265,5.444060737933373
Marcos Senesi,ARG,26.0,DF,DEF,24.9,19.775983935742975,5.443818971782555
Neto Borges,BRA,26.0,DF,DEF,28.0,33.47857142857143,5.436816610631164
Jeremie Boga,CIV,26.0,FW,FWD,22.2,32.97567567567568,5.428960940516234
Gabriel Jesus,BRA,26.0,FW,FWD,16.4,31.242682926829268,5.409734384233023
Brajan Gruda,GER,19.0,"MF,FW",FWD,18.2,38.87813186813187,5.304804376792946
Arnau Martinez,ESP,20.0,DF,DEF,13.8,24.71289855072464,5.283295742935691
Arnaud Nordin,FRA,25.0,"FW,MF",FWD,13.8,36.3431884057971,5.267614402148764
Granit Xhaka,SUI,30.0,MF,MID,31.3,48.83281150159745,5.257577956351686
Gonçalo Guedes,POR,26.0,"FW,MF",FWD,10.6,35.367547169811324,5.214535632497668
Matthieu Udol,FRA,27.0,DF,DEF,30.0,23.383333333333333,5.156987588770566
Benno Schmitz,GER,28.0,DF,DEF,12.8,33.579375,5.154114655541052
Valentin Gendrey,FRA,23.0,DF,DEF,33.8,24.916627218934913,5.080142079969057
Gustavo Hamer,NED,26.0,MF,MID,32.3,25.151331269349846,5.066789769158447
Thomas Delaine,FRA,31.0,"DF,MF",MID,22.7,35.75392070484582,5.051379006589389
Marcel Sabitzer,AUT,29.0,MF,MID,21.8,31.26412844036697,5.046388452797527
Marcus Thuram,FRA,25.0,FW,FWD,29.9,23.894782608695653,4.984367995493635
Aïssa Laïdouni,TUN,26.0,MF,MID,11.9,31.476134453781512,4.9700789636391525
Christopher Trimmel,AUT,36.0,DF,DEF,18.3,28.830655737704912,4.849815423671292
Tobias Kempe,GER,34.0,MF,MID,15.0,22.463333333333335,4.794483820594102
Niclas Füllkrug,GER,30.0,FW,FWD,24.6,18.755000000000003,4.758578769115581
Enzo Le Fée,FRA,23.0,MF,MID,17.0,40.452352941176464,4.727725271536848
Óliver Torres,ESP,28.0,MF,MID,18.0,41.43333333333333,4.716511632379426
Iñigo Lekue,ESP,30.0,DF,DEF,22.2,26.866576576576577,4.617387890465895
Willian,BRA,34.0,FW,FWD,22.8,38.95456140350878,4.58740648918123
Daniel Muñoz,COL,27.0,"DF,MF",MID,16.0,27.9225,4.548608896660737
Manu Sánchez,ESP,22.0,"DF,MF",MID,19.7,28.773451776649747,4.5214534757166875
Marcos Acuña,ARG,31.0,DF,DEF,14.4,25.93722222222222,4.471479079517051
Óscar Mingueza,ESP,24.0,"DF,MF",MID,33.3,34.753933933933936,4.467085133932386
Fermin López,ESP,20.0,"MF,FW",FWD,16.1,29.136956521739126,4.436367551725677
Maximilian Beier,GER,20.0,"FW,MF",FWD,26.9,26.77007434944238,4.380590925982033
Luca de la Torre,USA,25.0,MF,MID,21.7,33.8810599078341,4.376712637582392
Chris Wood,NZL,31.0,FW,FWD,20.1,16.30930348258706,4.361421224346801
Ernest Nuamah,GHA,19.0,"FW,MF",FWD,20.4,42.218235294117655,4.262379004866764
Álex Centelles,ESP,25.0,DF,DEF,10.9,27.799449541284403,4.2595338504216755
Felix Passlack,GER,25.0,DF,DEF,10.7,22.73915887850467,4.234242867224063
Stefan Posch,AUT,26.0,DF,DEF,26.8,25.977014925373133,4.1422041445760485
Khéphren Thuram,FRA,22.0,MF,MID,23.4,29.89162393162393,4.0848149994098595
Timothy Castagne,BEL,27.0,DF,DEF,29.3,24.696211604095563,4.052144686133039
Paulo Azzi,BRA,29.0,"DF,MF",MID,10.6,35.42000000000001,4.025101270849913
Daley Blind,NED,33.0,DF,DEF,33.0,25.44181818181818,3.9776042094606696
Héctor Bellerín,ESP,28.0,DF,DEF,19.0,30.691052631578945,3.9723428488513113
Matheus Cunha,BRA,24.0,"FW,MF",FWD,27.1,27.328542435424353,3.9475184488158344
Matheus Cunha,BRA,24.0,"FW,MF",FWD,27.1,27.328542435424353,3.9475184488158344
Kai Havertz,GER,24.0,"MF,FW",FWD,29.3,26.489061433447095,3.9017708447040236
Ryan Christie,SCO,28.0,MF,MID,32.3,29.242414860681116,3.8970477756891704
Pedri,ESP,20.0,"MF,FW",FWD,16.4,33.31048780487806,3.8958195938159443
Sean Longstaff,ENG,25.0,MF,MID,30.5,29.06327868852459,3.89003273939728
Sergio Arribas,ESP,21.0,"MF,FW",FWD,22.7,23.328370044052864,3.8860873783982837
Florian Sotoca,FRA,32.0,"MF,FW",FWD,28.9,34.38192041522492,3.842182840792974
Ander Herrera,ESP,33.0,MF,MID,11.4,32.95438596491228,3.8249734405472613
Matìas Soulé,ARG,20.0,"FW,MF",FWD,34.7,32.3114553314121,3.790690259857984
Melvin Bard,FRA,22.0,DF,DEF,29.5,27.5764406779661,3.6791918132426518
Fabian Nürnberger,GER,24.0,"DF,MF",MID,16.8,35.64095238095238,3.6438313822241004
Pablo Maffeo,ESP,26.0,DF,DEF,16.2,27.42530864197531,3.6204618664231054
Jordy Makengo,FRA,21.0,DF,DEF,11.4,29.709122807017547,3.6151191099163484
Yassine Kechta,MAR,21.0,MF,MID,20.5,34.30341463414634,3.5724026496635606
Grischa Prömel,GER,28.0,MF,MID,23.8,25.263445378151264,3.5612821302412847
Mario Götze,GER,31.0,MF,MID,23.0,34.18,3.5506822589076803
Toni Lato,ESP,25.0,DF,DEF,17.2,31.33651162790698,3.4543264176112705
Joe Scally,USA,20.0,DF,DEF,24.8,23.201612903225804,3.3956652583438602
Ricard Sánchez,ESP,23.0,DF,DEF,25.5,27.770980392156865,3.3600646643463623
Anthony Rouault,FRA,22.0,DF,DEF,11.2,23.277857142857147,3.344796740240546
Antonio Sánchez,ESP,26.0,MF,MID,16.1,29.352981366459623,3.3423141377198724
Álex Berenguer,ESP,28.0,FW,FWD,17.7,28.984689265536726,3.319551066424105
José Luis Morales,ESP,36.0,"FW,MF",FWD,11.6,24.891724137931035,3.2901054371289677
Hiroki Ito,JPN,24.0,DF,DEF,24.8,22.335806451612903,3.2772036816310424
Benjamin Pavard,FRA,27.0,DF,DEF,18.6,26.04516129032258,3.275614174537734
Jarrod Bowen,ENG,26.0,FW,FWD,33.5,22.692388059701493,3.271368664077485
Alberto Moreno,ESP,31.0,DF,DEF,16.5,29.266666666666662,3.1261440049653424
Mario Hermoso,ESP,28.0,DF,DEF,28.4,29.13366197183099,3.125439229702832
Marcus Pedersen,NOR,23.0,DF,DEF,17.9,27.612569832402237,3.065628498766262
Lee Kang-in,KOR,22.0,"FW,MF",FWD,16.3,38.64521472392638,3.0653825554458183
Diogo Dalot,POR,24.0,DF,DEF,35.3,24.642634560906515,3.058108061239089
Anton Stach,GER,24.0,MF,MID,25.8,28.56937984496124,3.043227915985112
Renan Lodi,BRA,25.0,DF,DEF,13.7,33.285693430656934,2.912043841666235
Arthur Theate,BEL,23.0,DF,DEF,25.5,24.52372549019608,2.8992162864774365
Alex Scott,ENG,19.0,MF,MID,11.3,29.692566371681412,2.806790764791698
Callum Hudson-Odoi,ENG,22.0,"FW,MF",FWD,20.6,34.94970873786408,2.8015699117668693
Marvin Ducksch,GER,29.0,FW,FWD,30.0,20.055,2.731848272631691
Nathan N'Goumou,FRA,23.0,"FW,MF",FWD,15.4,34.43272727272727,2.7282098181250904
Elye Wahi,FRA,20.0,FW,FWD,18.8,28.544042553191492,2.7219197262079744
Harry Toffolo,ENG,27.0,DF,DEF,16.2,16.48074074074074,2.7157622705880007
Olivier Deman,BEL,23.0,DF,DEF,15.2,23.617894736842107,2.693793448740297
Joël Veltman,NED,31.0,DF,DEF,17.6,27.81681818181818,2.670377004230226
Mikel Merino,ESP,27.0,MF,MID,27.6,32.08202898550724,2.6630523988871424
Marquinhos,BRA,29.0,DF,DEF,17.1,23.835730994152044,2.6617104119353554
Luis Javier Suárez,COL,25.0,FW,FWD,10.2,22.611568627450982,2.634069298791649
Dayot Upamecano,FRA,24.0,DF,DEF,19.6,26.751632653061225,2.6033202844004815
Gorka Guruzeta,ESP,26.0,FW,FWD,24.6,17.821341463414633,2.577678594272527
Felix Nmecha,GER,22.0,MF,MID,11.3,25.419292035398225,2.577100156529312
Vincent Sierro,SUI,27.0,MF,MID,25.1,27.873705179282865,2.5613193638073946
Dani Rodríguez,ESP,35.0,MF,MID,29.1,29.842886597938143,2.503637885270906
Jean-Philippe Mateta,FRA,26.0,FW,FWD,25.4,18.493779527559056,2.4893200319221664
Harry Maguire,ENG,30.0,DF,DEF,18.4,15.851739130434785,2.4293356320032946
Olivier Giroud,FRA,36.0,FW,FWD,26.3,14.026977186311788,2.426477966491591
Jon Guridi,ESP,28.0,MF,MID,29.8,25.203288590604025,2.418301675383108
Amir Richardson,MAR,21.0,MF,MID,15.0,28.803333333333335,2.3724318215007414
Aaron Wan-Bissaka,ENG,25.0,DF,DEF,19.8,24.561919191919195,2.3688759211746024
Joselu,ESP,33.0,FW,FWD,18.7,17.886122994652407,2.356753781665791
Domagoj Bradarić,CRO,23.0,DF,DEF,30.5,25.071311475409836,2.3459053672892707
Álvaro Morata,ESP,30.0,FW,FWD,21.2,16.488301886792453,2.333143017190884
Matthijs de Ligt,NED,23.0,DF,DEF,15.4,23.31194805194805,2.206626769872749
Iago,BRA,26.0,DF,DEF,18.0,21.71777777777778,2.1348869214798287
Rayan Aït-Nouri,ALG,22.0,"DF,MF",MID,25.9,31.23471042471043,2.1157575147217336
Rayan Aït-Nouri,ALG,22.0,"DF,MF",MID,25.9,31.23471042471043,2.1157575147217336
Iñigo Martínez,ESP,32.0,DF,DEF,14.4,27.80777777777778,2.0745759296723953
Kirian Rodríguez,ESP,27.0,MF,MID,35.7,35.86002801120448,2.0405403226800964
Angeliño,ESP,26.0,DF,DEF,12.7,25.528110236220478,2.0358300714233484
Alfonso Espino,URU,31.0,DF,DEF,27.9,26.126451612903228,2.015716933312805
Ângelo Borges,BRA,18.0,"FW,MF",FWD,12.2,36.815737704918035,1.9773683594740092
Kristian Thorstvedt,NOR,24.0,MF,MID,26.6,29.463458646616537,1.8952799904143025
Yan Couto,BRA,21.0,"DF,FW",FWD,24.9,40.15550200803214,1.8385299354180054
Aimar Oroz,ESP,21.0,MF,MID,26.0,33.01769230769231,1.7941424099709438
Philipp Köhn,SUI,25.0,GK,GK,22.0,0.0,1.7317400567994705
Iñaki Peña,ESP,24.0,GK,GK,10.0,0.0,1.7317400567994705
Jeremías Ledesma,ARG,30.0,GK,GK,33.9,0.0,1.7317400567994705
Marvin Schwäbe,GER,28.0,GK,GK,34.0,0.0,1.7317400567994705
Benoît Costil,FRA,36.0,GK,GK,13.0,0.0,1.7317400567994705
Jason Steele,ENG,32.0,GK,GK,17.0,0.0,1.7317400567994705
Janis Blaswich,GER,32.0,GK,GK,21.0,0.0,1.7317400567994705
Juan Musso,ARG,29.0,GK,GK,11.0,0.0,1.7317400567994705
Noah Atubolu,GER,21.0,GK,GK,34.0,0.0,1.7317400567994705
Anthony Lopes,POR,32.0,GK,GK,31.0,0.0,1.7317400567994705
Guillermo Ochoa,MEX,38.0,GK,GK,21.0,0.0,1.7317400567994705
Nahitan Nández,URU,27.0,"MF,DF",MID,26.0,26.416153846153843,1.6974525217752368
Julian Araujo,MEX,21.0,DF,DEF,16.2,26.598024691358024,1.643951530879868
Omar Traoré,GER,25.0,DF,DEF,27.5,25.15909090909091,1.5638547259261832
Ronald Araújo,URU,24.0,DF,DEF,22.2,18.56810810810811,1.5256147961708364
Virgil van Dijk,NED,32.0,DF,DEF,35.3,20.53830028328612,1.521753587052777
Mason Greenwood,ENG,21.0,"MF,FW",FWD,29.6,32.79675675675676,1.4635931761039533
Mohammed Kudus,GHA,22.0,"FW,MF",FWD,27.6,31.85014492753623,1.3776885540990795
Ricardo Rodríguez,SUI,30.0,DF,DEF,30.8,22.317922077922077,1.339817622500935
Alexandre Lacazette,FRA,32.0,FW,FWD,25.5,21.457058823529415,1.2940764227718582
Amine Gouiri,ALG,23.0,"FW,MF",FWD,23.0,30.540869565217392,1.2898976448285326
Pablo Fornals,ESP,27.0,"FW,MF",FWD,12.8,34.06375,1.2789502871210763
Jonas Martin,FRA,33.0,MF,MID,13.4,37.16716417910447,1.2652324925203586
Jonathan Bamba,CIV,27.0,"MF,FW",FWD,22.0,33.80363636363636,1.2530328952313663
Clément Lenglet,FRA,28.0,DF,DEF,12.8,18.396875,1.2490434829290558
Lucas,BRA,22.0,DF,DEF,17.1,24.891403508771926,1.2403614361808435
Andoni Gorosabel,ESP,26.0,DF,DEF,31.7,27.953343848580445,1.2301597012824996
Danilo Pereira,POR,31.0,DF,DEF,22.2,24.023963963963965,1.2282276049822083
Sergio Akieme,ESP,25.0,DF,DEF,18.6,20.7863440860215,1.207404540240507
Rúben Dias,POR,26.0,DF,DEF,28.4,23.626338028169016,1.1830410206804793
Aleksandar Pavlovic,GER,19.0,MF,MID,13.6,30.037058823529414,1.1572664496123135
Romain Faivre,FRA,25.0,"MF,FW",FWD,16.1,32.505341614906825,1.137148400774944
Jaume Costa,ESP,35.0,DF,DEF,18.7,30.02609625668449,1.1237612134393888
Ismaila Sarr,SEN,25.0,"FW,MF",FWD,16.1,31.348881987577638,1.1219707550386935
Arne Engels,BEL,19.0,"MF,DF",MID,15.6,27.46794871794872,1.1028771537071371
Steve Mandanda,FRA,38.0,GK,GK,34.0,-0.029411764705882353,1.055826191944245
Yann Sommer,SUI,34.0,GK,GK,34.0,-0.029411764705882353,1.055826191944245
Yvon Mvogo,SUI,29.0,GK,GK,34.0,-0.029411764705882353,1.055826191944245
Yehvann Diouf,FRA,23.0,GK,GK,34.0,-0.029411764705882353,1.055826191944245
Kevin Müller,GER,32.0,GK,GK,34.0,-0.029411764705882353,1.055826191944245
Oliver Baumann,GER,33.0,GK,GK,34.0,-0.029411764705882353,1.055826191944245
José Sá,POR,30.0,GK,GK,33.7,-0.029673590504451036,1.0498091545716468
José Sá,POR,30.0,GK,GK,33.7,-0.029673590504451036,1.0498091545716468
Lucas Chevalier,FRA,21.0,GK,GK,33.0,-0.030303030303030304,1.0353439536152989
Luís Maximiano,POR,24.0,GK,GK,33.0,-0.030303030303030304,1.0353439536152989
Pau López,ESP,28.0,GK,GK,32.7,-0.030581039755351678,1.028954998540215
Alexander Nübel,GER,26.0,GK,GK,30.0,-0.03333333333333333,0.9657043432968819
Benjamin Lecomte,FRA,32.0,GK,GK,30.0,-0.03333333333333333,0.9657043432968819
Alphonse Areola,FRA,30.0,GK,GK,30.0,-0.03333333333333333,0.9657043432968819
Florian Thauvin,FRA,30.0,FW,FWD,19.0,26.96684210526316,0.9623378293508698
Kiko Femenía,ESP,32.0,DF,DEF,17.6,32.12545454545455,0.9459125283306746
Thilo Kehrer,GER,26.0,DF,DEF,14.7,24.345578231292517,0.9151911152389971
Alisson,BRA,30.0,GK,GK,28.0,-0.03571428571428571,0.9109875066181256
Dominic Solanke,ENG,25.0,FW,FWD,36.9,19.312059620596205,0.8826127567143411
Felipe Anderson,BRA,30.0,"FW,MF",FWD,30.8,31.47272727272727,0.871614604744698
Liberato Cacace,NZL,22.0,DF,DEF,21.2,24.47811320754717,0.8671862289827095
Ayoze Pérez,ESP,30.0,FW,FWD,25.5,29.201960784313727,0.8640229021725663
Gregor Kobel,SUI,25.0,GK,GK,26.3,-0.03802281368821293,0.8579350604086851
Keane Lewis-Potter,ENG,22.0,"FW,DF",FWD,16.0,29.955,0.8475788930343695
Cristian Romero,ARG,25.0,DF,DEF,31.0,21.225483870967743,0.8283863358640492
Robin Gosens,GER,29.0,"DF,MF",MID,25.4,28.24976377952756,0.7770925078215312
Ørjan Nyland,NOR,32.0,GK,GK,24.0,-0.041666666666666664,0.7741954149212348
Wilfried Singo,CIV,22.0,DF,DEF,24.3,26.279382716049383,0.7520474422681307
Rui Patrício,POR,35.0,GK,GK,23.0,-0.043478260869565216,0.7325630391873984
Nabil Fekir,FRA,30.0,"MF,FW",FWD,11.7,31.580000000000005,0.7317173530161833
Manuel Neuer,GER,37.0,GK,GK,22.8,-0.043859649122807015,0.7237983285065908
Albert Sambi Lokonga,BEL,23.0,MF,MID,14.5,24.460344827586212,0.6750021280925314
Ridle Baku,GER,25.0,"DF,MF",MID,22.4,34.201428571428565,0.671642817279666
Waldemar Anton,GER,27.0,DF,DEF,32.1,21.099968847352024,0.6593232134256475
Borja Mayoral,ESP,26.0,FW,FWD,23.9,19.530627615062762,0.6524284974755761
Carlos Vicente,ESP,24.0,FW,FWD,12.4,22.854516129032255,0.6461309672116806
Alberto Moleiro,ESP,19.0,"FW,MF",FWD,20.0,36.96,0.6460518218471372
Dilane Bakwa,FRA,20.0,"FW,MF",FWD,24.2,33.794793388429746,0.6398162701232577
Bryan Zaragoza,ESP,22.0,"MF,FW",FWD,18.2,30.751373626373628,0.6284733117991956
Kingsley Ehizibue,NED,28.0,DF,DEF,10.6,21.85509433962264,0.5911385837235422
Sam Johnstone,ENG,30.0,GK,GK,20.0,-0.05,0.5826864865455875
Igor,BRA,25.0,DF,DEF,18.2,24.440659340659344,0.554666477142203
Daniel Parejo,ESP,34.0,MF,MID,28.7,27.01850174216028,0.5458509044911268
Fares Chaïbi,ALG,20.0,"MF,FW",FWD,21.2,28.21943396226415,0.5339407686957904
Paulo Gazzaniga,ARG,31.0,GK,GK,38.0,-0.05263157894736842,0.5222099828480149
Matthis Abline,FRA,20.0,FW,FWD,11.6,25.809655172413795,0.5133951677112565
Simon Adingra,CIV,21.0,FW,FWD,24.7,37.0351012145749,0.4768595327137456
Josh Doig,SCO,21.0,DF,DEF,14.9,21.839395973154364,0.4494547198928217
Unai Simón,ESP,26.0,GK,GK,35.4,-0.05649717514124294,0.43337444069338815
Jarell Quansah,ENG,20.0,DF,DEF,13.2,18.583333333333336,0.42339206834853804
Hicham Boudaoui,ALG,23.0,MF,MID,17.9,28.10670391061453,0.4230685507523501
José Luis García Vayá,ESP,24.0,MF,MID,36.7,27.346021798365122,0.35940686928255033
Reece Burke,ENG,26.0,DF,DEF,18.4,15.378260869565217,0.35165034239328596
Ferland Mendy,FRA,28.0,DF,DEF,19.1,31.104764397905758,0.3499320528767617
Arthur Desmas,FRA,29.0,GK,GK,33.0,-0.06060606060606061,0.3389478504311275
Muhammed Cham,AUT,22.0,"MF,FW",FWD,28.4,28.31718309859155,0.3216298060271363
David Raya,ESP,27.0,GK,GK,32.0,-0.0625,0.29542309398211686
Kevin Trapp,GER,33.0,GK,GK,32.0,-0.0625,0.29542309398211686
Matz Sels,BEL,31.0,GK,GK,16.0,-0.0625,0.29542309398211686
Sergio Herrera,ESP,30.0,GK,GK,31.9,-0.06269592476489029,0.2909205329701501
Thierry Correia,POR,24.0,DF,DEF,23.9,22.25284518828452,0.2634759788160419
Marcel Schuhen,GER,30.0,GK,GK,31.0,-0.06451612903225806,0.2490902887299442
Pep Chavarría,ESP,25.0,"DF,MF",MID,13.0,43.074615384615385,0.2086479502708518
Alaa Bellaarouch,MAR,21.0,GK,GK,15.0,-0.06666666666666667,0.19966862979429334
André Ferreira,POR,27.0,GK,GK,14.9,-0.06711409395973154,0.18938627122378876
Nick Pope,ENG,31.0,GK,GK,14.9,-0.06711409395973154,0.18938627122378876
Emerson,BRA,24.0,DF,DEF,12.9,26.128992248062016,0.17348571360214748
Wes Foderingham,ENG,32.0,GK,GK,29.4,-0.06802721088435375,0.168401865977861
Nabil Alioui,FRA,24.0,"MF,FW",FWD,11.2,26.645,0.16793493814048693
Pau Torres,ESP,26.0,DF,DEF,27.4,20.478467153284672,0.16709339068483964
Jordan Ferri,FRA,31.0,MF,MID,22.6,37.16716814159291,0.161689546322877
Aurélio Buta,POR,26.0,"DF,MF",MID,19.4,38.03886597938144,0.10100103956747436
Christian Mawissa,FRA,18.0,DF,DEF,12.4,18.42516129032258,0.10071632362412042
James Trafford,ENG,20.0,GK,GK,28.0,-0.07142857142857142,0.09023495643678076
Christoph Baumgartner,AUT,23.0,"MF,FW",FWD,12.9,28.378992248062016,0.08284062017137622
Alban Lafont,FRA,24.0,GK,GK,27.7,-0.07220216606498195,0.07245692285884542
Morgan Gibbs-White,ENG,23.0,"MF,FW",FWD,35.1,26.336994301994302,0.038489630758158755
Levi Colwill,ENG,20.0,DF,DEF,20.0,18.68,0.03633377964471074
Michael Zetterer,GER,28.0,GK,GK,27.0,-0.07407407407407407,0.029438471238162595
Moritz Nicolas,GER,25.0,GK,GK,27.0,-0.07407407407407407,0.029438471238162595
Vicente Guaita,ESP,36.0,GK,GK,26.7,-0.0749063670411985,0.010311487130732044
Kepa Arrizabalaga,ESP,28.0,GK,GK,13.3,-0.07518796992481203,0.003839951154533894
Jonathan Burkardt,GER,23.0,"FW,MF",FWD,17.1,22.0762865497076,-0.03808090923073326
Bernd Leno,GER,31.0,GK,GK,38.0,-0.07894736842105263,-0.08255505412771291
David Soria,ESP,30.0,GK,GK,37.9,-0.079155672823219,-0.08734211246789042
Thomas Kaminski,BEL,30.0,GK,GK,37.8,-0.07936507936507937,-0.09215449915907398
Koen Casteels,BEL,31.0,GK,GK,25.0,-0.08,-0.10674565560674215
Mohammed Salisu,GHA,24.0,DF,DEF,11.5,22.240000000000002,-0.1226092602686294
Romano Schmid,AUT,23.0,"MF,FW",FWD,28.9,28.221384083044985,-0.12418004800963284
Pablo Barrios,ESP,20.0,MF,MID,17.3,33.442369942196535,-0.1278718257670663
Abdou Harroui,NED,25.0,"MF,FW",FWD,11.3,26.29079646017699,-0.1355896561911073
Bilal Boutobba,FRA,24.0,"FW,MF",FWD,10.3,33.77009708737864,-0.14164221595112997
Duván Zapata,COL,32.0,FW,FWD,32.0,25.4875,-0.15519519775443275
Mark Flekken,NED,30.0,GK,GK,36.5,-0.0821917808219178,-0.15711512717951498
Kristoffer Ajer,NOR,25.0,DF,DEF,20.4,16.999607843137255,-0.1747573708777178
Matthias Bader,GER,26.0,"DF,MF",MID,20.0,26.439999999999998,-0.19077468726401187
Yann Gboho,FRA,22.0,"MF,FW",FWD,13.3,33.02375939849624,-0.21231662348475383
Adam Wharton,ENG,19.0,MF,MID,14.4,22.499444444444443,-0.24851891655237696
Marcus Tavernier,ENG,24.0,FW,FWD,23.5,29.97787234042553,-0.25246582585069594
Cyril Ngonge,BEL,23.0,"FW,MF",FWD,15.9,29.006666666666664,-0.2622708015106558
Keito Nakamura,JPN,23.0,"FW,MF",FWD,15.3,33.69078431372549,-0.29248027049884967
Guillaume Restes,FRA,18.0,GK,GK,34.0,-0.08823529411764706,-0.2960015377662053
Antonio Sivera,ESP,26.0,GK,GK,34.0,-0.08823529411764706,-0.2960015377662053
Michael Gregoritsch,AUT,29.0,FW,FWD,18.7,18.928877005347598,-0.30870226812706575
Robert Andrich,GER,28.0,"MF,DF",MID,18.8,21.921489361702125,-0.33081333846167577
Lovro Majer,CRO,25.0,"MF,FW",FWD,23.4,29.479102564102565,-0.337878882879418
Alexandre Oukidja,ALG,35.0,GK,GK,33.2,-0.09036144578313252,-0.34486278100875123
Brice Samba,FRA,29.0,GK,GK,33.0,-0.09090909090909091,-0.3574482527530439
Sven Ulreich,GER,34.0,GK,GK,11.0,-0.09090909090909091,-0.3574482527530439
Carlos Neva,ESP,27.0,DF,DEF,35.0,21.785714285714285,-0.3943641190854513
Valentin Carboni,ARG,18.0,"MF,FW",FWD,13.0,29.863846153846154,-0.4285539817207558
Kim Min-jae,KOR,26.0,DF,DEF,21.9,20.366986301369863,-0.4438773928280726
Aarón Martín,ESP,26.0,DF,DEF,15.3,26.513790849673203,-0.45426948559847835
Manu Morlanes,ESP,24.0,MF,MID,17.9,28.154301675977653,-0.4725209060781376
Antony,BRA,23.0,FW,FWD,14.7,37.27034013605442,-0.49125436031885655
Martin Terrier,FRA,26.0,"FW,MF",FWD,17.0,25.93764705882353,-0.5192024733030438
Junior Sambia,FRA,26.0,"DF,MF",MID,11.5,27.0,-0.5237595601475287
Antoine Semenyo,GHA,23.0,FW,FWD,23.4,30.96888888888889,-0.5383388370653879
Danilo,BRA,32.0,DF,DEF,27.2,22.031470588235294,-0.556183928678477
Robin Zentner,GER,28.0,GK,GK,30.0,-0.1,-0.5663670837082954
Mory Diaw,SEN,30.0,GK,GK,30.0,-0.1,-0.5663670837082954
Javi Hernández,ESP,25.0,DF,DEF,27.9,20.549211469534054,-0.5702675756624599
Lamine Camara,SEN,19.0,MF,MID,25.1,23.570119521912346,-0.5714688015594334
Yunis Abdelhamid,MAR,35.0,DF,DEF,30.9,17.75809061488673,-0.5805145626871698
Christopher Antwi-Adjei,GHA,29.0,"FW,MF",FWD,13.5,33.379629629629626,-0.599756179363971
Rodrigo Bentancur,URU,26.0,MF,MID,11.2,32.16,-0.6025742365220315
Jan-Niklas Beste,GER,24.0,"FW,MF",FWD,28.9,21.15932525951557,-0.6179762814904317
Neal Maupay,FRA,26.0,FW,FWD,14.7,22.847891156462584,-0.6575005667315761
Adam Webster,ENG,28.0,DF,DEF,12.7,23.04212598425197,-0.6584782354411688
Matz Sels,BEL,31.0,GK,GK,19.0,-0.10526315789473684,-0.6873200911034407
Musa Al-Taamari,JOR,26.0,FW,FWD,21.4,30.017757009345797,-0.6947307970450518
Max Aarons,ENG,23.0,DF,DEF,13.7,20.114014598540145,-0.6980479425603182
Eldor Shomurodov,UZB,28.0,"FW,MF",FWD,10.4,18.463076923076922,-0.705033198151118
Marc-André ter Stegen,GER,31.0,GK,GK,28.0,-0.10714285714285714,-0.7305175937445642
Saúl Ñíguez,ESP,28.0,MF,MID,15.3,20.24673202614379,-0.7510622551089456
Koke,ESP,31.0,MF,MID,27.7,29.261552346570397,-0.7535496050344046
Morten Thorsby,NOR,27.0,MF,MID,12.9,18.23170542635659,-0.7640191643694301
Ander Barrenetxea,ESP,21.0,"FW,MF",FWD,15.9,34.07993710691824,-0.8112241760665111
Dean Henderson,ENG,26.0,GK,GK,18.0,-0.1111111111111111,-0.8217123215424913
Ante Budimir,CRO,32.0,FW,FWD,27.1,15.388118081180812,-0.8576284919172161
Jean-Clair Todibo,FRA,23.0,DF,DEF,29.5,19.805423728813555,-0.8816025657279717
Kevin Vogt,GER,31.0,DF,DEF,14.7,22.79108843537415,-0.8850987550853361
Lukas Klostermann,GER,27.0,DF,DEF,16.0,21.9,-0.9039149523684832
Tijjani Noslin,NED,24.0,"FW,MF",FWD,14.9,22.42577181208054,-0.9082830752207349
Matt Turner,USA,29.0,GK,GK,17.0,-0.11764705882352941,-0.9719154026214303
Marcus Rashford,ENG,25.0,FW,FWD,25.2,29.18222222222222,-0.9969876502778459
Emiliano Martínez,ARG,30.0,GK,GK,33.5,-0.11940298507462686,-1.0122684691799513
Karim Adeyemi,GER,21.0,"FW,MF",FWD,10.1,36.28237623762376,-1.0455705168136755
Florian Grillitsch,AUT,27.0,"DF,MF",MID,25.5,25.031568627450984,-1.055411759003857
Tuta,BRA,24.0,DF,DEF,28.9,21.57107266435986,-1.0613074162229692
Jeanuël Belocian,FRA,18.0,DF,DEF,16.1,21.24590062111801,-1.063938996870999
Rodrigo Muniz,BRA,22.0,FW,FWD,17.7,14.941920903954804,-1.073292277154994
Lewis Dunk,ENG,31.0,DF,DEF,31.9,18.67990595611285,-1.0890384928809604
Benedict Hollerbach,GER,22.0,"FW,MF",FWD,14.2,31.949999999999996,-1.09805305250541
Evann Guessand,CIV,22.0,FW,FWD,17.3,24.191300578034678,-1.117135474955461
Robert Sánchez,ESP,25.0,GK,GK,15.9,-0.12578616352201258,-1.158960748870675
Elijah Adebayo,ENG,25.0,FW,FWD,15.8,21.87746835443038,-1.1676426026834648
Niklas Süle,GER,27.0,DF,DEF,16.8,19.931428571428572,-1.172729998129915
Mattéo Guendouzi,FRA,24.0,MF,MID,26.3,28.560608365019014,-1.226067939618008
Mats Hummels,GER,34.0,DF,DEF,17.6,16.188636363636363,-1.2268185291810867
Finn Dahmen,GER,25.0,GK,GK,31.0,-0.12903225806451613,-1.2335594793395819
Amine Harit,MAR,26.0,"MF,FW",FWD,20.2,32.98267326732673,-1.2909607633108835
Jordan Pickford,ENG,29.0,GK,GK,38.0,-0.13157894736842105,-1.2920851280791685
Eddie Nketiah,ENG,24.0,FW,FWD,12.0,22.463333333333335,-1.3100733862274805
Iliman Ndiaye,SEN,23.0,"FW,MF",FWD,18.0,31.288888888888888,-1.3467222548096356
Marc Cucurella,ESP,25.0,DF,DEF,19.8,23.18828282828283,-1.3518516734826198
Jeffrey Gouweleeuw,NED,32.0,DF,DEF,28.8,20.061111111111106,-1.3661990457622988
Giovanni González,URU,28.0,DF,DEF,27.4,23.45167883211679,-1.4413811552927216
David Alaba,AUT,31.0,DF,DEF,12.8,17.293125,-1.443907438854401
Enzo Millot,FRA,21.0,"MF,FW",FWD,24.9,28.93343373493976,-1.4505605081498874
Dominic Calvert-Lewin,ENG,26.0,FW,FWD,24.1,18.406659751037346,-1.548796122032659
Bart Verbruggen,NED,20.0,GK,GK,21.0,-0.14285714285714285,-1.551270143925909
Damián Suárez,URU,35.0,DF,DEF,14.4,25.90611111111111,-1.582125336314638
Rui Silva,POR,29.0,GK,GK,27.5,-0.14545454545454545,-1.6109612384845522
Eli Junior Kroupi,FRA,17.0,"FW,MF",FWD,12.0,17.013333333333335,-1.6505625230716219
Manuel Riemann,GER,34.0,GK,GK,33.0,-0.15151515151515152,-1.7502404591213867
Juan David Cabal,COL,22.0,DF,DEF,16.6,25.752650602409634,-1.7712086300319267
Jan Paul van Hecke,NED,23.0,DF,DEF,26.3,20.37615969581749,-1.8081569571997642
Mateo Kovačić,CRO,29.0,MF,MID,17.2,30.820697674418607,-1.8247744217817055
Nampalys Mendy,SEN,31.0,MF,MID,11.7,30.665470085470087,-1.825518494080084
Ilias Akhomach,MAR,19.0,"MF,FW",FWD,16.8,33.73190476190476,-1.8276566962699112
Neto,BRA,34.0,GK,GK,32.0,-0.15625,-1.8590523502439134
Rubén Duarte,ESP,27.0,DF,DEF,20.9,19.556602870813403,-1.9034318598397562
Javier Muñoz,ESP,28.0,MF,MID,29.3,29.336552901023893,-1.9587514649677324
Ederson,BRA,29.0,GK,GK,30.9,-0.16181229773462785,-1.9868799116596978
Ben Godfrey,ENG,25.0,DF,DEF,12.4,19.373548387096776,-2.0060335231037025
Tim Kleindienst,GER,27.0,FW,FWD,31.9,20.821426332288404,-2.0116366828322807
Joshua Zirkzee,NED,22.0,FW,FWD,30.7,23.1264657980456,-2.02991473928874
Ibrahima Konaté,FRA,24.0,DF,DEF,17.5,24.59428571428571,-2.044929786674529
Charlie Taylor,ENG,29.0,DF,DEF,25.9,22.971312741312744,-2.0484315602618315
Éderson,BRA,24.0,MF,MID,31.9,28.396206896551725,-2.051568756360341
Augusto Batalla,ARG,27.0,GK,GK,17.0,-0.17647058823529413,-2.054252555794135
Arthur Melo,BRA,26.0,MF,MID,22.1,25.37963800904977,-2.0616385929390098
Neil El Aynaoui,FRA,22.0,MF,MID,17.4,22.891494252873564,-2.106941285504128
Hwang Hee-chan,KOR,27.0,"FW,MF",FWD,23.5,19.23531914893617,-2.12898307974488
Hwang Hee-chan,KOR,27.0,"FW,MF",FWD,23.5,19.23531914893617,-2.12898307974488
Thijs Dallinga,NED,22.0,FW,FWD,27.9,19.674139784946238,-2.206307816972749
Fabian Schär,SUI,31.0,DF,DEF,33.9,16.160206489675517,-2.2617722084913323
Dany Mota,POR,25.0,"FW,MF",FWD,22.8,29.566315789473684,-2.2895674207075407
David García,ESP,29.0,DF,DEF,25.9,18.328108108108108,-2.3072852056173576
Álvaro Vallés,ESP,26.0,GK,GK,36.3,-0.08264462809917356,-2.3300057448919653
Armand Lauriente,FRA,24.0,FW,FWD,32.3,31.779597523219817,-2.3310481822650493
Jordan Lotomba,SUI,24.0,DF,DEF,20.0,19.19,-2.4026023255998292
Leandro Paredes,ARG,29.0,MF,MID,29.3,28.086587030716718,-2.427509681784709
Ludovic Blas,FRA,25.0,"FW,MF",FWD,17.4,31.627528735632186,-2.465189697952449
Mikel Vesga,ESP,30.0,MF,MID,17.0,23.274117647058826,-2.4693210926675198
Philipp Lienhart,AUT,27.0,DF,DEF,14.1,14.990851063829785,-2.483050373334855
Jordan Pefok,USA,27.0,FW,FWD,15.8,15.421645569620251,-2.5373152454460537
Mike Maignan,FRA,28.0,GK,GK,29.0,-0.06896551724137931,-2.5599944672116144
Ruben Vargas,SUI,24.0,"MF,FW",FWD,21.8,27.218715596330274,-2.574707111072147
Kiké,ESP,33.0,"FW,MF",FWD,15.8,20.90272151898734,-2.64855996647517
Jonathan Gradit,FRA,30.0,DF,DEF,23.5,25.687021276595747,-2.6809608586674507
Valentín Castellanos,ARG,24.0,FW,FWD,18.7,22.941711229946527,-2.7028301198506703
Rodri,ESP,23.0,"FW,MF",FWD,11.7,39.78623931623932,-2.7605830514775875
Miguel Almirón,PAR,29.0,FW,FWD,21.5,30.878372093023252,-2.7690552751810595
Nico Elvedi,SUI,26.0,DF,DEF,27.6,16.550579710144927,-2.769801485363349
Grejohn Kyei,FRA,27.0,FW,FWD,11.4,24.317982456140353,-2.7865008994467337
Vitinho,BRA,24.0,"DF,MF",MID,25.7,27.902996108949417,-2.7942153549782427
Jonathan Tah,GER,27.0,DF,DEF,29.2,15.906438356164385,-2.799548486261903
Tim Siersleben,GER,23.0,DF,DEF,10.1,18.13980198019802,-2.810319267572428
Wout Weghorst,NED,30.0,FW,FWD,22.0,20.762727272727272,-2.8654584863690222
Thibault De Smet,BEL,25.0,DF,DEF,20.3,28.21807881773399,-2.891108442532636
Jørgen Strand Larsen,NOR,23.0,FW,FWD,31.8,17.95,-2.931609299445145
Obite N'Dicka,CIV,23.0,DF,DEF,24.1,15.546721991701245,-2.9452958358505947
Álex Remiro,ESP,28.0,GK,GK,36.4,-0.10989010989010989,-2.950195218103737
Kiliann Sildillia,FRA,21.0,DF,DEF,20.1,22.448805970149255,-2.9536804540743553
Sergi Canós,ESP,26.0,"MF,FW",FWD,13.7,26.536496350364963,-3.045239953761905
Antonio Raillo,ESP,31.0,DF,DEF,24.4,13.491803278688524,-3.075475623356428
Lloyd Kelly,ENG,24.0,DF,DEF,17.3,17.332023121387284,-3.084809137931603
Kévin Gameiro,FRA,36.0,"FW,MF",FWD,15.0,22.088333333333335,-3.0993908868311437
Ezri Konsa,ENG,25.0,DF,DEF,34.1,18.116539589442812,-3.114795898408964
Lucas Ocampos,ARG,29.0,"FW,MF",FWD,31.9,32.78835423197492,-3.1935648619014008
Martín Payero,ARG,24.0,MF,MID,20.0,27.79,-3.197089994316028
Sandro Ramírez,ESP,28.0,FW,FWD,20.1,33.30955223880597,-3.232322371040041
Jonas Föhrenbach,GER,27.0,DF,DEF,31.0,20.241290322580642,-3.273748743803293
Nahuel Tenaglia,ARG,27.0,DF,DEF,12.7,20.131259842519686,-3.2819956420374883
Rafael Borré,COL,27.0,FW,FWD,11.0,23.332727272727272,-3.3035350092044795
Unai López,ESP,27.0,MF,MID,23.4,26.9765811965812,-3.3708497791556185
Takuma Asano,JPN,28.0,"FW,MF",FWD,22.1,25.096425339366515,-3.383843610180787
Arnaud Kalimuendo,FRA,21.0,FW,FWD,23.8,22.93113445378151,-3.3885833341495757
Pierre Lees-Melou,FRA,30.0,MF,MID,28.0,30.985714285714288,-3.4274708464417323
Edimilson Fernandes,SUI,27.0,DF,DEF,14.3,15.035384615384615,-3.4332541448070453
Dwight McNeil,ENG,23.0,"MF,FW",FWD,32.1,22.70380062305296,-3.437404525301807
Logan Costa,CPV,22.0,DF,DEF,29.4,18.139183673469386,-3.464512278720075
Keven Schlotterbeck,GER,26.0,DF,DEF,24.3,14.504074074074072,-3.4969679900340225
Marco Bizot,NED,32.0,GK,GK,32.0,-0.125,-3.593961318402928
Kevin Sessa,GER,23.0,"MF,FW",FWD,11.2,24.567857142857143,-3.608925881654192
Largie Ramazani,BEL,22.0,"FW,MF",FWD,17.3,25.507976878612716,-3.6195769734419745
Julian Justvan,GER,25.0,"MF,FW",FWD,11.4,23.597543859649125,-3.635292817578589
Axel Disasi,FRA,25.0,DF,DEF,28.7,16.999268292682927,-3.6367528595592917
Umut Tohumcu,GER,18.0,MF,MID,11.2,24.84857142857143,-3.6389388638912914
Josep Martinez,ESP,25.0,GK,GK,36.0,-0.1388888888888889,-3.6405798157437075
Reda Khadra,GER,22.0,"FW,MF",FWD,15.2,25.70631578947369,-3.643331907109711
Linton Maina,GER,24.0,"FW,MF",FWD,21.1,32.943127962085306,-3.6462912470041835
Alejandro Pozo Pozo,ESP,24.0,"DF,MF",MID,10.8,35.53777777777778,-3.648094067455969
Nélson Semedo,POR,29.0,"DF,MF",MID,34.3,34.19755102040816,-3.712170594696905
Nélson Semedo,POR,29.0,"DF,MF",MID,34.3,34.19755102040816,-3.712170594696905
Willian Pacho,ECU,21.0,DF,DEF,33.0,15.886060606060605,-3.7181833774981587
Dante,BRA,39.0,DF,DEF,31.6,19.35721518987342,-3.7430908029617296
Gaëtan Laborde,FRA,29.0,"FW,MF",FWD,21.2,24.582169811320757,-3.8278897691156444
Gonzalo Villar,ESP,25.0,MF,MID,20.0,19.91,-3.865767373908109
Patrick Mainka,GER,28.0,DF,DEF,34.0,14.326470588235296,-3.919241192174586
Christian Kouamé,CIV,25.0,FW,FWD,12.1,28.39214876033058,-3.9564141521795126
Yerson Mosquera,COL,22.0,DF,DEF,13.7,12.410802919708031,-3.9925063289685303
Gabriel Magalhães,BRA,25.0,DF,DEF,33.8,12.4201775147929,-3.9978151823263897
Adam Smith,ENG,32.0,DF,DEF,23.9,17.707698744769875,-4.035621093194714
Eren Dinkçi,GER,21.0,"FW,MF",FWD,29.4,23.362517006802722,-4.047045651450624
Abner,BRA,23.0,DF,DEF,15.6,20.25,-4.04790018873008
Eduardo Camavinga,FRA,20.0,"MF,DF",MID,20.2,27.78821782178218,-4.077011989276617
Juan Cruz Armada,ESP,31.0,DF,DEF,18.5,19.761621621621625,-4.101949407152966
Florent Mollet,FRA,31.0,"MF,FW",FWD,23.1,24.850303030303028,-4.1048955641993805
Carles Aleñá,ESP,25.0,MF,MID,11.3,21.79796460176991,-4.151774513200424
Raphaël Varane,FRA,30.0,DF,DEF,15.3,15.117320261437907,-4.15547259639209
Emre Can,GER,29.0,"MF,DF",MID,21.7,23.094147465437786,-4.191726698827023
Maximilian Eggestein,GER,26.0,MF,MID,32.4,26.02037037037037,-4.211801602728576
Romelu Lukaku,BEL,30.0,FW,FWD,29.3,23.459112627986347,-4.216909283686224
Luke Shaw,ENG,28.0,DF,DEF,10.7,23.451028037383182,-4.2211022092029005
Souleymane Touré,FRA,20.0,DF,DEF,22.8,16.029473684210522,-4.221403450095097
Mikel Oyarzabal,ESP,26.0,"FW,MF",FWD,24.0,18.45,-4.250787065268509
Brais Méndez,ESP,26.0,"MF,FW",FWD,26.8,23.489104477611942,-4.254515340696662
Jayden Bogle,ENG,23.0,DF,DEF,31.0,18.32677419354839,-4.278364207945543
Justin Kluivert,NED,24.0,"MF,FW",FWD,21.3,23.407605633802817,-4.282517534199119
Youri Tielemans,BEL,26.0,"MF,FW",FWD,18.0,23.20222222222222,-4.334388102136929
Suso,ESP,29.0,"MF,FW",FWD,16.9,31.774201183431956,-4.34199805702992
Jorge Cuenca,ESP,23.0,DF,DEF,21.8,16.37504587155963,-4.373734663043191
Krépin Diatta,SEN,24.0,"DF,FW",FWD,13.4,33.81432835820895,-4.392359865412806
Kevin Behrens,GER,32.0,FW,FWD,14.0,23.35142857142857,-4.401865874859987
Dan Burn,ENG,31.0,DF,DEF,30.3,11.545115511551154,-4.408623740946089
Danilo,BRA,22.0,MF,MID,19.9,20.76924623115578,-4.4296657077887085
Odsonne Édouard,FRA,25.0,"FW,MF",FWD,17.3,21.75635838150289,-4.455371519089774
Lucas Paquetá,BRA,25.0,"FW,MF",FWD,29.1,24.48286941580756,-4.534536926997486
Elliot Anderson,SCO,20.0,"MF,FW",FWD,11.4,29.598771929824558,-4.538313186595044
Enzo Loiodice,FRA,22.0,MF,MID,19.9,29.867236180904523,-4.570040471863653
Aïssa Mandi,ALG,31.0,DF,DEF,12.4,15.713870967741936,-4.604809282876386
Castello Lukeba,FRA,20.0,DF,DEF,24.3,17.127037037037038,-4.620047340450324
Iván Villar,ESP,26.0,GK,GK,11.3,-0.17699115044247787,-4.6598720972783
Billy Gilmour,SCO,22.0,MF,MID,23.6,33.77508474576271,-4.683462952034618
Ameen Al-Dakhil,BEL,21.0,DF,DEF,11.7,13.211452991452992,-4.775895260310753
Kevin Danso,AUT,24.0,DF,DEF,29.5,16.482881355932207,-4.808281701510711
Lucas Robertone,ARG,26.0,MF,MID,26.5,22.723584905660378,-4.809249357996798
Ivan Toney,ENG,27.0,FW,FWD,16.1,21.969440993788822,-4.829162811281902
Oriol Romeu,ESP,31.0,MF,MID,10.4,24.069230769230767,-4.857615153631178
Samuel Omorodion,ESP,19.0,FW,FWD,21.3,16.5050234741784,-4.867677709360002
Jon Moncayola,ESP,25.0,MF,MID,20.0,24.64,-4.900021363511788
Jonathan Ikone,FRA,25.0,FW,FWD,18.7,29.390962566844923,-4.924247804903022
Jordan Clark,ENG,29.0,MF,MID,14.5,23.44965517241379,-4.937566973749348
Iván Alejo,ESP,28.0,MF,MID,18.8,28.89787234042553,-4.950672919088606
Dan-Axel Zagadou,FRA,24.0,DF,DEF,16.1,15.004720496894405,-4.991175815704716
Sven Botman,NED,23.0,DF,DEF,15.3,8.282418300653596,-5.001794918695246
Mathias Pereira Lage,POR,26.0,"FW,MF",FWD,13.2,22.590303030303033,-5.0390992923487445
Ben Mee,ENG,33.0,DF,DEF,14.1,14.81900709219858,-5.059848217895325
Johan Vásquez,MEX,24.0,DF,DEF,31.7,16.203690851735015,-5.11379088018762
Brendan Chardonnet,FRA,28.0,DF,DEF,33.0,13.563333333333333,-5.117325439979125
Dan Ndoye,SUI,22.0,"FW,MF",FWD,19.7,31.1292385786802,-5.161476689493869
Stijn Spierings,NED,27.0,MF,MID,16.8,34.83380952380952,-5.1811963410047275
Luis Rioja,ESP,29.0,"FW,MF",FWD,27.8,24.472697841726617,-5.181635212113516
Diego López,ESP,21.0,"MF,FW",FWD,29.5,23.58949152542373,-5.190985985058558
Caleb Ekuban,GHA,29.0,FW,FWD,12.6,21.39507936507937,-5.192858917817926
Djibril Sow,SUI,26.0,MF,MID,16.2,26.74111111111111,-5.2272036908852515
Martin Satriano,URU,22.0,FW,FWD,20.7,19.877777777777776,-5.230998357198024
Willian José,BRA,31.0,FW,FWD,21.9,14.686484018264842,-5.231434799462776
Laurent Abergel,FRA,30.0,MF,MID,31.8,27.072327044025158,-5.30488797171206
Thomas Foket,BEL,28.0,DF,DEF,20.4,25.140980392156862,-5.315959935636469
Rubén García,ESP,30.0,"FW,MF",FWD,17.2,23.787441860465115,-5.318556355604137
Phillip Tietz,GER,26.0,FW,FWD,26.5,16.254528301886793,-5.349470669518947
Jean-Kevin Duverne,HAI,26.0,DF,DEF,15.0,20.70666666666667,-5.388795259147853
Marius Bülter,GER,30.0,"DF,FW",FWD,15.0,28.443333333333335,-5.455899450457938
Warmed Omari,FRA,23.0,DF,DEF,23.0,18.872608695652172,-5.491100148810768
Joan Gonzàlez,ESP,21.0,MF,MID,14.3,24.426293706293706,-5.511841848404777
Marc Roca,ESP,26.0,MF,MID,22.0,23.684545454545457,-5.529842031621561
Jhon Lucumí,COL,25.0,DF,DEF,24.6,15.253252032520324,-5.55105210597541
Alex Sola,ESP,24.0,"FW,MF",FWD,14.0,27.385714285714286,-5.576118017816255
Yannick Gerhardt,GER,29.0,"MF,DF",MID,18.1,23.532430939226515,-5.741428095371867
Bernardo,BRA,28.0,DF,DEF,32.5,17.463846153846156,-5.791586784757742
Micky van de Ven,NED,22.0,DF,DEF,26.0,15.640000000000002,-5.806059541308947
Casemiro,BRA,31.0,"MF,DF",MID,22.0,22.340000000000003,-5.809753260502377
William Saliba,FRA,22.0,DF,DEF,38.0,14.196315789473685,-5.82230013419457
Florian Kainz,AUT,30.0,"MF,FW",FWD,24.4,23.015409836065572,-5.823992070769145
Martín Zubimendi,ESP,24.0,MF,MID,29.5,22.191525423728812,-5.857916122602273
Tyrick Mitchell,ENG,23.0,"DF,MF",MID,35.6,24.52831460674157,-5.882419853247354
Oumar Diakité,CIV,19.0,FW,FWD,17.6,20.634090909090908,-5.898420301381923
Patric,ESP,30.0,DF,DEF,17.9,14.567541899441341,-5.901264690361737
Andy Pelmard,FRA,23.0,DF,DEF,33.2,15.019879518072289,-5.904682803422823
James Garner,ENG,22.0,MF,MID,33.4,19.65233532934132,-5.912783246174735
Walid Cheddira,MAR,25.0,FW,FWD,23.6,18.466186440677966,-5.91625187356086
Vitaly Janelt,GER,25.0,"MF,DF",MID,33.9,20.879498525073746,-5.929134481849967
Igor Zubeldia,ESP,26.0,DF,DEF,28.0,16.642857142857142,-5.991593478534684
Lee Jae-sung,KOR,30.0,"MF,FW",FWD,23.5,21.098936170212767,-6.058894392166785
Manu Koné,FRA,22.0,MF,MID,17.3,29.313930635838148,-6.069802145566421
Kevin Volland,GER,31.0,"FW,MF",FWD,14.9,23.212483221476507,-6.083619281445019
Isaac Carcelen,ESP,30.0,DF,DEF,29.0,17.597241379310343,-6.097744939821709
Florian Lejeune,FRA,32.0,DF,DEF,37.0,10.918648648648649,-6.1367256732955795
Luca Waldschmidt,GER,27.0,"MF,FW",FWD,12.7,23.0748031496063,-6.153173939990808
Toti Gomes,POR,24.0,DF,DEF,30.8,11.041818181818181,-6.154207123935066
Toti Gomes,POR,24.0,DF,DEF,30.8,11.041818181818181,-6.154207123935066
Wilson Odobert,FRA,18.0,"MF,FW",FWD,23.3,25.37309012875536,-6.175381069264042
Carlton Morris,ENG,27.0,"FW,MF",FWD,31.8,15.645440251572326,-6.241098091274571
James Mcatee,ENG,20.0,"MF,FW",FWD,20.2,22.72712871287129,-6.248003767566793
Carmona,ESP,21.0,"DF,MF",MID,14.6,25.406027397260274,-6.264709562131504
Amadou Onana,BEL,21.0,MF,MID,23.2,22.069310344827585,-6.333545412250327
Abakar Sylla,CIV,20.0,DF,DEF,19.9,12.380804020100504,-6.353426567900367
Emanuel Emegha,NED,20.0,FW,FWD,23.1,15.377142857142855,-6.35433417919754
James Tarkowski,ENG,30.0,DF,DEF,38.0,13.016842105263159,-6.37068361284493
Leonardo Balerdi,ARG,24.0,DF,DEF,25.2,17.352222222222224,-6.387922271911388
Iñigo Ruiz de Galarreta,ESP,29.0,MF,MID,23.2,27.244137931034484,-6.396678417479794
Maxime Colin,FRA,31.0,DF,DEF,20.4,16.383529411764705,-6.398648754056302
Thiago Silva,BRA,38.0,DF,DEF,28.1,11.794661921708183,-6.4087996455465
Murillo,BRA,21.0,DF,DEF,31.0,11.518064516129032,-6.410697742079783
Waren Kamanzi,NOR,22.0,"DF,FW",FWD,13.2,23.065454545454546,-6.465918427373858
Leo Skiri Østigård,NOR,23.0,DF,DEF,18.1,15.172872928176794,-6.475872191574631
Mario Gila,ESP,22.0,DF,DEF,20.1,18.627213930348255,-6.4928567326355475
Jérémy Le Douaron,FRA,25.0,FW,FWD,18.0,23.744444444444444,-6.5066869163743775
Eric Dier,ENG,29.0,DF,DEF,13.0,14.30076923076923,-6.517899759021011
Alexis Saelemaekers,BEL,24.0,"FW,MF",FWD,21.0,31.72571428571429,-6.528143559105409
Cedric Zesiger,SUI,25.0,DF,DEF,18.2,15.949120879120878,-6.528378915973209
Tosin Adarabioyo,ENG,25.0,DF,DEF,18.0,12.892222222222223,-6.5636228694630825
João Ferreira,POR,22.0,DF,DEF,20.2,18.32881188118812,-6.674114750324209
Lucas Perrin,FRA,24.0,DF,DEF,30.3,13.902376237623763,-6.6793078354582605
Youssef En-Nesyri,MAR,26.0,FW,FWD,28.6,10.8970979020979,-6.715132759912019
Gautier Lloris,FRA,28.0,DF,DEF,30.9,12.027022653721685,-6.8187022424450126
Benjamin André,FRA,32.0,MF,MID,28.6,25.085524475524473,-6.820417963830624
Florent Ogier,FRA,34.0,DF,DEF,10.5,6.364761904761906,-6.825122020476448
Mika Màrmol,ESP,21.0,DF,DEF,35.3,16.15399433427762,-6.829325798416437
Jack Harrison,ENG,26.0,"MF,FW",FWD,24.6,22.56016260162602,-6.853912698712554
Omar Alderete,PAR,26.0,DF,DEF,24.4,15.824754098360655,-6.870861269684169
Kevin Strootman,NED,33.0,MF,MID,13.4,21.96402985074627,-6.912984549462498
Maxime Estève,FRA,21.0,DF,DEF,11.1,11.230900900900902,-6.923682291130158
David López,ESP,33.0,DF,DEF,21.8,9.704541284403668,-6.97986200851914
Remi Oudin,FRA,26.0,"MF,FW",FWD,20.2,19.15326732673267,-6.981910351494617
Benoît Badiashile,FRA,22.0,DF,DEF,14.9,10.628456375838926,-6.9849641287152915
José Arnaiz,ESP,28.0,"FW,MF",FWD,10.3,24.43553398058252,-7.0259053270994345
Hugo Magnetti,FRA,25.0,MF,MID,26.0,23.165384615384614,-7.036984868556924
Kike Salas,ESP,21.0,DF,DEF,17.8,14.549662921348311,-7.037766752003018
Javier Guerra,ESP,20.0,MF,MID,27.8,21.69719424460432,-7.054642710296154
Andros Townsend,ENG,32.0,"MF,FW",FWD,13.4,23.881194029850743,-7.074507858396993
Robin Koch,GER,27.0,DF,DEF,30.4,12.986052631578946,-7.091671317050959
Fikayo Tomori,ENG,25.0,DF,DEF,23.6,10.265254237288136,-7.109938980571716
Danny Welbeck,ENG,32.0,"FW,MF",FWD,18.8,20.44063829787234,-7.131821863987723
Zeki Amdouni,SUI,22.0,FW,FWD,21.7,20.481843317972352,-7.143241973170301
Bruno Méndez,URU,23.0,DF,DEF,14.8,13.916216216216217,-7.227933801381202
Carlos Benavídez,URU,25.0,MF,MID,12.6,18.22222222222222,-7.272300167062509
Faride Alidou,GER,22.0,"FW,MF",FWD,14.2,26.479577464788733,-7.324832946643275
Nikola Vlašić,CRO,25.0,"MF,FW",FWD,29.0,27.742068965517245,-7.3453833551748255
Luke Thomas,ENG,22.0,DF,DEF,10.2,18.285294117647062,-7.350652571465191
Marc Guéhi,ENG,23.0,DF,DEF,22.5,11.947777777777778,-7.376323987030476
Patrick Osterhage,GER,23.0,MF,MID,20.7,22.832222222222224,-7.422374516480914
Adri Embarba,ESP,31.0,"FW,MF",FWD,27.5,24.243181818181814,-7.437834883664606
Hugo Duro,ESP,23.0,FW,FWD,33.1,15.471359516616314,-7.459471625746676
Chrislain Matsima,FRA,21.0,DF,DEF,13.1,13.448778625954198,-7.469027774751742
Marten de Roon,NED,32.0,"MF,DF",MID,28.9,23.991799307958473,-7.528398991707845
Joelinton,BRA,26.0,"MF,FW",FWD,14.2,21.62,-7.540242467926847
Abdón Prats,ESP,30.0,"FW,MF",FWD,14.1,14.091205673758864,-7.563428788711628
Joel Ward,ENG,33.0,DF,DEF,22.0,13.069090909090908,-7.609185510706046
Ellyes Skhiri,TUN,28.0,MF,MID,24.1,19.10174273858921,-7.635160031997037
Arouna Sangante,SEN,21.0,DF,DEF,29.9,15.293946488294315,-7.637450220517998
John Stones,ENG,29.0,"DF,MF",MID,11.8,24.891525423728808,-7.682494604969408
Étienne Capoue,FRA,35.0,MF,MID,16.2,26.342469135802475,-7.702264884399256
Lukas Kübler,GER,30.0,DF,DEF,20.5,16.607804878048782,-7.731508265192348
Baptiste Santamaria,FRA,28.0,MF,MID,21.4,25.934018691588786,-7.741505728861979
Álex Suárez,ESP,30.0,DF,DEF,28.5,14.20017543859649,-7.74194416725202
Josh Brownhill,ENG,27.0,MF,MID,25.0,18.16,-7.7585409149004345
Atakan Karazor,GER,26.0,MF,MID,29.1,20.759999999999998,-7.769783850518953
Álvaro García,ESP,30.0,"FW,MF",FWD,27.5,28.274545454545454,-7.771956432017352
Kristijan Jakić,CRO,26.0,MF,MID,11.7,20.211709401709403,-7.805292532338598
Dimitri Foulquier,FRA,30.0,"DF,MF",MID,20.5,26.142439024390246,-7.819800231866578
Formose Mendy,SEN,22.0,DF,DEF,14.0,18.448571428571427,-7.825358446287508
Maximilian Arnold,GER,29.0,MF,MID,27.8,20.076546762589928,-7.829629086204246
Max Kilman,ENG,26.0,DF,DEF,38.0,11.364210526315789,-7.834193523216971
Max Kilman,ENG,26.0,DF,DEF,38.0,11.364210526315789,-7.834193523216971
Cameron Archer,ENG,22.0,"FW,MF",FWD,20.4,17.52529411764706,-7.857809409099666
Lucas Mincarelli,FRA,19.0,"DF,MF",MID,10.9,25.247155963302752,-7.86388879349605
Ben Osborn,ENG,28.0,"DF,MF",MID,15.2,23.090000000000003,-7.872716251852625
Philipp Hofmann,GER,30.0,FW,FWD,17.5,16.605714285714285,-7.891704604828741
Samuel Gigot,FRA,29.0,DF,DEF,19.2,11.193333333333333,-7.895975131931745
Adam Masina,MAR,29.0,DF,DEF,11.4,13.481052631578947,-7.9032694477800725
Aurélien Tchouaméni,FRA,23.0,"MF,DF",MID,22.1,21.258235294117647,-7.919234861262314
Josué Casimir,FRA,21.0,"FW,DF",FWD,22.4,23.94714285714286,-7.924223970190232
Lucas Höler,GER,29.0,"FW,MF",FWD,25.6,19.4278125,-7.929202915974832
Lyle Foster,RSA,22.0,"FW,MF",FWD,21.1,20.340805687203787,-7.945929604061076
Idrissa Gana Gueye,SEN,33.0,MF,MID,20.9,22.228947368421053,-7.948916946783822
Diego Llorente,ESP,29.0,DF,DEF,24.1,12.410663900414937,-7.952516175401955
Sander Berge,NOR,25.0,MF,MID,33.4,23.32449101796407,-8.001731367006233
Anthony Jung,GER,31.0,DF,DEF,28.7,15.784285714285714,-8.007268547163067
Alan Virginius,FRA,20.0,FW,FWD,10.4,21.646923076923077,-8.01114858314741
Oliver McBurnie,SCO,27.0,FW,FWD,14.2,16.122323943661975,-8.037752470038932
Trevoh Chalobah,ENG,24.0,DF,DEF,10.6,12.771509433962265,-8.055179895232046
Tim Skarke,GER,26.0,"FW,DF",FWD,26.7,25.98183520599251,-8.08716951922012
Loum Tchaouna,FRA,19.0,"FW,MF",FWD,23.3,25.254334763948496,-8.09019412998055
Gerard Gumbau,ESP,28.0,MF,MID,29.7,19.02181818181818,-8.108820164942843
Tom Krauß,GER,22.0,MF,MID,15.0,22.186666666666667,-8.111728173544085
Jordan Ayew,GHA,31.0,"FW,MF",FWD,28.3,23.194770318021202,-8.123963663608585
Nick Woltemade,GER,21.0,"FW,MF",FWD,13.2,22.992424242424246,-8.146606909146291
Daniel Vivian,ESP,24.0,DF,DEF,32.0,13.935,-8.156078815219974
Willy Boly,CIV,32.0,DF,DEF,16.0,7.5625,-8.171772235066655
Domingos André Ribeiro Almeida,POR,23.0,"FW,MF",FWD,10.7,21.12,-8.209012016709176
Milan Badelj,CRO,34.0,MF,MID,28.2,22.22574468085106,-8.252077076306469
Raúl,ESP,22.0,FW,FWD,15.1,16.154834437086095,-8.260053963165966
Frederic Guilbert,FRA,28.0,"DF,MF",MID,27.7,23.901805054151623,-8.269591527843744
Montassar Talbi,TUN,25.0,DF,DEF,24.5,13.427755102040818,-8.270615038926644
Christoph Klarer,AUT,23.0,DF,DEF,26.2,9.644809160305343,-8.329197270401751
Kevin Paredes,USA,20.0,"FW,MF",FWD,15.9,25.722515723270437,-8.341438783522987
Mostafa Mohamed,EGY,25.0,FW,FWD,22.2,16.884504504504505,-8.358079152530276
Lilian Brassier,FRA,23.0,DF,DEF,29.7,14.523434343434344,-8.374030574913833
Copete,ESP,23.0,DF,DEF,14.8,11.43108108108108,-8.389313584408058
Marin Pongračić,CRO,25.0,DF,DEF,35.8,15.329329608938547,-8.389491879272951
John Brooks,USA,30.0,DF,DEF,17.1,11.63502923976608,-8.405950538809162
Jorge de Frutos,ESP,26.0,"FW,MF",FWD,17.2,27.190930232558138,-8.424289644309349
Scott McTominay,SCO,26.0,"MF,FW",FWD,21.1,15.155355450236966,-8.428391895444223
Timo Hübers,GER,27.0,DF,DEF,30.9,12.13883495145631,-8.441540962579895
Felix Agu,GER,23.0,"DF,MF",MID,17.9,25.91832402234637,-8.514152839581019
Tiago Tomás,POR,21.0,"FW,MF",FWD,11.5,27.10608695652174,-8.518996150173972
Yeray Álvarez,ESP,28.0,DF,DEF,12.8,16.29,-8.582971822769474
Unai Núñez,ESP,26.0,DF,DEF,31.1,11.3740192926045,-8.607480710186511
Pedro Chirivella,ESP,26.0,MF,MID,28.8,26.967222222222222,-8.642569869221786
Tiemoué Bakayoko,FRA,28.0,MF,MID,14.6,17.53232876712329,-8.642870057491608
Pau Cubarsí,ESP,16.0,DF,DEF,17.3,14.558670520231214,-8.6582485279883
Arthur Atta,FRA,20.0,"MF,FW",FWD,10.3,17.819029126213593,-8.663845497373066
Santi Comesaña,ESP,26.0,MF,MID,18.4,26.782608695652172,-8.669519737922675
Carlos Dominguez,ESP,22.0,DF,DEF,17.6,13.051363636363636,-8.683069681108217
John McGinn,SCO,28.0,"MF,FW",FWD,33.3,21.14963963963964,-8.686977477590268
Diogo Leite,POR,24.0,DF,DEF,30.0,13.75,-8.737014661298932
Óscar Rodríguez Arnaiz,ESP,25.0,"MF,FW",FWD,10.7,21.850373831775705,-8.752353363851906
Antonio Sanabria,PAR,27.0,"FW,MF",FWD,23.7,17.34242616033755,-8.779845844802164
Ohis Felix Uduokhai,GER,25.0,DF,DEF,32.5,12.140000000000002,-8.80720664786649
Brenden Aaronson,USA,22.0,"MF,FW",FWD,14.1,27.195602836879434,-8.82741119984841
Jan Schöppner,GER,24.0,MF,MID,22.2,16.84108108108108,-8.890829787203087
Roberto Navarro,ESP,21.0,"MF,FW",FWD,21.0,26.51666666666667,-8.900910296093658
Emmanuel Sabbi,USA,25.0,"FW,MF",FWD,17.6,21.277272727272724,-8.98127414283901
Maximilian Wittek,GER,27.0,"DF,FW",FWD,11.9,22.972605042016806,-8.98896984318575
Mehdi Zeffane,ALG,31.0,"DF,MF",MID,13.7,25.326496350364966,-9.013815766432183
Luis Milla,ESP,28.0,MF,MID,23.5,24.007021276595744,-9.020061698666177
Juan Brandáriz,ESP,24.0,DF,DEF,27.0,9.294074074074073,-9.02619019784891
Lucas Beltrán,ARG,22.0,"FW,MF",FWD,18.8,20.071489361702127,-9.050346191805962
Danilho Doekhi,NED,25.0,DF,DEF,24.0,9.816666666666666,-9.081711970492426
Robin Knoche,GER,31.0,DF,DEF,21.3,10.62643192488263,-9.09082416995375
Raúl Jiménez,MEX,32.0,FW,FWD,15.5,18.023870967741935,-9.10527498369073
Gabriel Strefezza,BRA,26.0,FW,FWD,12.4,27.86548387096774,-9.110747622085011
Antonio Rüdiger,GER,30.0,DF,DEF,30.1,10.492225913621263,-9.116871542654472
Malick Thiaw,GER,21.0,DF,DEF,18.0,14.169999999999998,-9.121710916662845
Remo Freuler,SUI,31.0,MF,MID,29.2,25.726712328767128,-9.144472755367705
Tariq Lamptey,GHA,22.0,"DF,FW",FWD,10.2,24.195294117647062,-9.189574057712223
Beñat Prados,ESP,22.0,"MF,DF",MID,16.1,26.174844720496893,-9.206725582024632
Sepp van den Berg,NED,21.0,DF,DEF,31.5,10.2,-9.25054558025096
Assane Diao,ESP,17.0,FW,FWD,11.6,27.46689655172414,-9.251098072539742
Jailson Siqueira,BRA,27.0,"DF,MF",MID,10.0,18.989999999999995,-9.353599493182024
Sam Beukema,NED,24.0,DF,DEF,28.3,10.073321554770319,-9.365098015326668
Boulaye Dia,SEN,26.0,"FW,MF",FWD,12.7,17.03185039370079,-9.372261356300111
Jon Pacheco,ESP,22.0,DF,DEF,17.0,10.907058823529411,-9.397081272027945
Matheus Henrique,BRA,25.0,MF,MID,27.8,19.89863309352518,-9.404635805548544
Robin Le Normand,ESP,26.0,DF,DEF,27.4,13.65014598540146,-9.437209893793394
Axel Witsel,BEL,34.0,DF,DEF,30.9,11.016148867313916,-9.44638336143362
Tim Ream,USA,35.0,DF,DEF,16.7,14.012215568862274,-9.450067589503536
Suat Serdar,GER,26.0,MF,MID,18.4,20.476956521739133,-9.474204365366365
Roberto Pereyra,ARG,32.0,"FW,MF",FWD,20.6,19.75242718446602,-9.48077152973408
Nathaniel Clyne,ENG,32.0,DF,DEF,14.9,12.311879194630873,-9.480901164505763
Catena,ESP,28.0,DF,DEF,28.2,8.90063829787234,-9.500116496315744
Tommy Doyle,ENG,21.0,MF,MID,13.6,26.252941176470586,-9.515417666311608
Tommy Doyle,ENG,21.0,MF,MID,13.6,26.252941176470586,-9.515417666311608
Stefan de Vrij,NED,31.0,DF,DEF,17.6,8.823181818181817,-9.549175980458887
Manuel Akanji,SUI,28.0,"DF,MF",MID,27.9,24.891971326164875,-9.551838485722984
Moisés Caicedo,ECU,21.0,MF,MID,31.8,21.65918238993711,-9.57970572900579
Harrison Reed,ENG,28.0,MF,MID,14.7,21.894489795918368,-9.587994994924365
Lucas Beraldo,BRA,19.0,DF,DEF,11.2,13.970000000000002,-9.594866518645077
Michel Aebischer,SUI,26.0,MF,MID,24.8,24.976774193548383,-9.597603341220598
Merlin Röhl,GER,21.0,"MF,FW",FWD,16.4,21.865853658536587,-9.619828533834141
Ignasi Miquel,ESP,30.0,DF,DEF,33.2,9.005180722891566,-9.637038630998996
Nayef Aguerd,MAR,27.0,DF,DEF,20.6,11.741941747572813,-9.63941113544644
Jefferson Lerma,COL,28.0,"MF,DF",MID,26.7,19.55385767790262,-9.694602352848538
Nabil Bentaleb,ALG,28.0,MF,MID,21.9,22.726118721461194,-9.71873794028073
Marvin Pieringer,GER,23.0,"MF,FW",FWD,16.8,18.068095238095236,-9.719150225061648
Kévin Van Den Kerkhof,ALG,27.0,"FW,MF",FWD,21.3,23.113521126760563,-9.753106062913767
Alexsandro Ribeiro,BRA,23.0,DF,DEF,24.7,12.468178137651822,-9.758526675274142
Kobbie Mainoo,ENG,18.0,MF,MID,21.4,17.98317757009346,-9.761761207821722
Moritz Broschinski,GER,22.0,FW,FWD,13.9,18.608417266187047,-9.784921118879966
Luca Pfeiffer,GER,26.0,"FW,MF",FWD,18.0,16.19111111111111,-9.829402811268757
Koni De Winter,BEL,21.0,DF,DEF,26.4,12.576363636363636,-9.87096640682752
Johan Gastien,FRA,35.0,MF,MID,25.1,25.140717131474098,-9.876298036530358
Ander Guevara,ESP,26.0,MF,MID,32.6,25.466073619631903,-9.953882683645265
Jamaal Lascelles,ENG,29.0,DF,DEF,12.0,10.326666666666666,-9.963849524462585
Yohann Magnin,FRA,26.0,MF,MID,18.7,21.469518716577543,-9.965774576854088
Gleison Bremer,BRA,26.0,DF,DEF,35.9,10.836378830083568,-9.976900607454011
Juan Jesus,BRA,32.0,DF,DEF,23.5,11.31148936170213,-9.978599467468058
Cyle Larin,CAN,28.0,FW,FWD,20.3,15.144926108374383,-9.984561197067455
Niklas Stark,GER,28.0,DF,DEF,12.1,10.520578512396693,-9.98680405906722
Lewis Cook,ENG,26.0,MF,MID,31.0,17.869032258064514,-9.995337804953298
Davie Selke,GER,28.0,FW,FWD,14.1,12.370000000000001,-10.033992756219812
Karim Onisiwo,AUT,31.0,"FW,MF",FWD,16.6,20.81879518072289,-10.042611513036745
Cheikh Tidiane Sabaly,SEN,24.0,"FW,MF",FWD,15.3,20.494967320261438,-10.120391050387207
Hamza Rafia,TUN,24.0,MF,MID,13.4,22.081791044776118,-10.137287748250474
Sergio Ruiz,ESP,28.0,MF,MID,27.7,18.71664259927798,-10.144450487196098
Nehuén Pérez,ARG,23.0,DF,DEF,36.0,14.01222222222222,-10.151847383176937
Gastón Álvarez,URU,23.0,DF,DEF,28.2,12.019432624113476,-10.17083972210939
Roger Martí,ESP,32.0,FW,FWD,15.1,13.431854304635763,-10.292289163313214
Natan,BRA,22.0,DF,DEF,10.6,16.66377358490566,-10.302428243356513
Martin Erlic,CRO,25.0,DF,DEF,29.1,11.022199312714777,-10.316238087155554
Loïc Bade,FRA,23.0,DF,DEF,25.3,11.069090909090908,-10.376262910582085
Diego Carlos,BRA,30.0,DF,DEF,20.2,9.406930693069306,-10.398012817598019
Ryan Yates,ENG,25.0,MF,MID,22.1,17.714072398190048,-10.518050927860843
Sergio Ramos,ESP,37.0,DF,DEF,28.0,10.287142857142857,-10.520318599908927
Nicolas Pallois,FRA,35.0,DF,DEF,17.7,10.5654802259887,-10.557466700882475
Nathaniel Adjei,GHA,20.0,DF,DEF,13.8,10.339855072463767,-10.600838005952475
Jean-Ricner Bellegarde,FRA,25.0,"MF,FW",FWD,10.6,23.549811320754717,-10.622371779266578
Jean-Ricner Bellegarde,FRA,25.0,"MF,FW",FWD,10.6,23.549811320754717,-10.622371779266578
Moussa Sissoko,FRA,33.0,MF,MID,20.2,24.131386138613863,-10.730217554419035
Jeffrey Schlupp,GHA,30.0,"FW,MF",FWD,15.0,15.243333333333334,-10.768664744276375
Johnny Cardoso,USA,21.0,MF,MID,14.8,13.965675675675675,-10.817379511613794
Aitor Ruibal,ESP,27.0,"DF,FW",FWD,11.3,23.008407079646013,-10.845121274764447
Alidu Seidu,GHA,23.0,DF,DEF,12.6,12.174761904761905,-10.869589438470427
Raúl Albiol,ESP,37.0,DF,DEF,22.6,9.20654867256637,-10.879300885953448
Rubén Peña,ESP,32.0,"DF,FW",FWD,23.2,25.13206896551724,-10.9246220694602
Reinier,BRA,21.0,"MF,FW",FWD,11.8,15.483050847457624,-10.935509824301151
Craig Dawson,ENG,33.0,DF,DEF,24.5,6.626530612244897,-10.971886318465067
Craig Dawson,ENG,33.0,DF,DEF,24.5,6.626530612244897,-10.971886318465067
Aron Dønnum,NOR,25.0,"FW,MF",FWD,17.7,28.901581920903958,-10.973093070203035
Senne Lynen,BEL,24.0,MF,MID,20.0,16.06,-10.994861041093394
Yannik Keitel,GER,23.0,"DF,MF",MID,10.2,17.812941176470588,-11.04054872848984
Maximiliano Caufriez,BEL,26.0,DF,DEF,18.4,15.303043478260872,-11.05205554157583
Francisco Perez,ESP,20.0,"MF,FW",FWD,22.8,22.165789473684207,-11.072901212689601
Eray Cömert,SUI,25.0,DF,DEF,22.2,8.968828828828828,-11.136465484206425
Manuel Gulde,GER,32.0,DF,DEF,22.7,11.343480176211454,-11.15474704348124
Marvin,ESP,23.0,"FW,DF",FWD,20.6,26.852135922330095,-11.16475275239366
Kurt Zouma,FRA,28.0,DF,DEF,31.5,5.894285714285714,-11.302450018440904
Nacho,ESP,33.0,DF,DEF,19.4,11.847938144329897,-11.320305884559463
Issa Diop,FRA,26.0,DF,DEF,15.8,14.513670886075948,-11.343045744857514
Munir El Haddadi,MAR,27.0,FW,FWD,27.2,20.861176470588234,-11.350916950571994
Víctor Chust,ESP,23.0,DF,DEF,20.7,13.231787439613528,-11.364660476759733
Rafa Marín,ESP,21.0,DF,DEF,27.1,10.45590405904059,-11.3742852848138
Elvis Rexhbeçaj,GER,25.0,MF,MID,22.1,21.491221719457013,-11.43590658141219
Gonzalo Escalante,ARG,30.0,MF,MID,18.9,14.074603174603176,-11.439837064550156
Sergio Camello,ESP,22.0,FW,FWD,18.5,16.62918918918919,-11.451219197006148
Khalil Fayad,FRA,19.0,"FW,MF",FWD,11.4,18.738421052631576,-11.458658162750993
Habib Diarra,SEN,19.0,"MF,FW",FWD,25.6,20.611562499999998,-11.517950691281104
Leny Yoro,FRA,17.0,DF,DEF,29.7,7.9314478114478115,-11.519282003879475
Janik Haberer,GER,29.0,"MF,DF",MID,13.6,20.6,-11.548339674054317
Maxence Lacroix,FRA,23.0,DF,DEF,26.2,10.205496183206108,-11.588852280073395
Lucas Boyé,ARG,27.0,FW,FWD,28.2,17.844751773049648,-11.603470591022829
Jarrad Branthwaite,ENG,21.0,DF,DEF,34.6,7.078612716763005,-11.684565519507927
Yerry Mina,COL,28.0,DF,DEF,13.5,6.590370370370371,-11.698664250644784
Isaac Palazón Camacho,ESP,28.0,"MF,FW",FWD,31.0,21.45209677419355,-11.713256428800296
Tahith Chong,NED,23.0,"MF,FW",FWD,22.0,21.667272727272728,-11.755676393689546
Fabian Holland,GER,33.0,"MF,DF",MID,20.4,21.648431372549016,-11.764221220071075
Mathias Honsak,AUT,26.0,"FW,MF",FWD,11.3,19.191592920353983,-11.781343743306259
Wahbi Khazri,TUN,32.0,FW,FWD,12.6,22.331111111111113,-11.791449135005367
Joris Chotard,FRA,21.0,MF,MID,28.7,17.41411149825784,-11.866052201791046
Gonzalo Melero,ESP,29.0,"MF,FW",FWD,12.3,17.909268292682928,-11.88696589018058
Teden Mengi,ENG,21.0,DF,DEF,27.4,7.634744525547445,-11.916689039583773
André Ayew,GHA,33.0,FW,FWD,12.3,18.461463414634146,-11.932095620958677
Jack Robinson,ENG,29.0,DF,DEF,32.1,7.8423987538940825,-11.947151472840142
Maxime Estève,FRA,21.0,DF,DEF,14.5,11.606206896551726,-12.000834576631492
Moussa Niakhate,SEN,27.0,DF,DEF,16.2,10.52037037037037,-12.00250981357867
Fran Beltrán,ESP,24.0,MF,MID,27.0,21.43925925925926,-12.011077596390535
Adrian Beck,GER,26.0,"MF,FW",FWD,10.8,17.45888888888889,-12.027101428119268
Facundo Buonanotte,ARG,18.0,"FW,MF",FWD,15.2,18.63105263157895,-12.040268376785995
Rubén Alcaraz,ESP,32.0,MF,MID,34.8,18.920804597701153,-12.065855572039023
Chris Ramos,ESP,26.0,"FW,MF",FWD,29.0,12.671034482758621,-12.110885371457742
Iker Muñoz,ESP,20.0,MF,MID,20.6,17.743009708737866,-12.11343269424276
Aitor Paredes,ESP,23.0,DF,DEF,30.0,11.156666666666666,-12.18435824473846
Julien Laporte,FRA,29.0,DF,DEF,20.2,9.346930693069307,-12.241786105808838
Cristhian Mosquera,COL,19.0,DF,DEF,34.2,8.29485380116959,-12.246126456430092
Duje Ćaleta-Car,CRO,26.0,DF,DEF,22.1,9.079276018099547,-12.254458782573192
Youssef Maleh,MAR,24.0,MF,MID,28.9,20.706816608996544,-12.29842459884281
Nathan Zeze,FRA,18.0,DF,DEF,11.4,8.626491228070174,-12.396104185940597
Julian Weigl,GER,27.0,MF,MID,30.7,13.431009771986972,-12.400436110722584
Moi Gómez,ESP,29.0,"MF,FW",FWD,22.3,21.382645739910313,-12.40909436219217
Facundo Pellistri,URU,21.0,"MF,FW",FWD,13.7,23.134817518248177,-12.421123630205866
César Montes,MEX,26.0,DF,DEF,19.9,9.004723618090452,-12.426994436379013
Norman Theuerkauf,GER,36.0,"MF,DF",MID,14.0,16.95,-12.4320732215933
Azor Matusiwa,NED,25.0,MF,MID,15.4,19.995324675324675,-12.437232805934821
Jordan Beyer,GER,23.0,DF,DEF,13.7,7.446277372262774,-12.505159678177009
Jacob Brown,SCO,25.0,"MF,FW",FWD,11.3,18.2241592920354,-12.562188060875044
Álex Fernández,ESP,30.0,MF,MID,14.3,18.86153846153846,-12.607698389750901
Gerzino Nyamsi,FRA,26.0,DF,DEF,12.1,7.653305785123967,-12.610837494315208
Beñat Turrientes,ESP,21.0,MF,MID,18.7,17.472299465240642,-12.655440506237724
Germán Pezzella,ARG,32.0,DF,DEF,30.7,6.732377850162867,-12.690315125741757
Manuel Ugarte Ribeiro,URU,22.0,MF,MID,21.5,17.938372093023254,-12.694424562555596
Nicolás Domínguez,ARG,25.0,"MF,FW",FWD,16.6,18.550361445783132,-12.705594002650546
Oussama Targhalline,MAR,21.0,MF,MID,11.4,29.165087719298242,-12.800042363116997
Sebastiaan Bornauw,BEL,24.0,DF,DEF,15.9,8.286100628930818,-12.826491666033105
Timothy Weah,USA,23.0,"DF,FW",FWD,14.0,24.13,-12.898074537749679
Fali,ESP,29.0,DF,DEF,28.3,11.054734982332157,-12.903734381089356
Yunus Musah,USA,20.0,"MF,FW",FWD,16.4,23.263902439024392,-12.912601003268394
Pablo Rosario,NED,26.0,"MF,DF",MID,22.3,18.934708520179374,-12.967138987731207
Léo Baptistão,BRA,30.0,FW,FWD,20.4,17.045098039215688,-12.993234293671293
João Gomes,BRA,22.0,MF,MID,29.4,17.74891156462585,-13.033991209280904
João Gomes,BRA,22.0,MF,MID,29.4,17.74891156462585,-13.033991209280904
Marvin Friedrich,GER,27.0,DF,DEF,17.4,6.889080459770115,-13.11377081693452
Anthony Losilla,FRA,37.0,MF,MID,28.6,16.2793006993007,-13.125504892239967
Benedikt Gimber,GER,26.0,DF,DEF,22.5,4.413333333333333,-13.14715042602526
Óscar Trejo,ARG,35.0,"FW,MF",FWD,15.3,30.47071895424837,-13.198180064200304
Dion Lopy,SEN,21.0,MF,MID,21.3,18.626807511737088,-13.31555560740667
Gavi,ESP,18.0,"MF,FW",FWD,10.5,20.112857142857145,-13.353428022876855
Wataru Endo,JPN,30.0,MF,MID,19.1,20.639424083769633,-13.384679482399937
Etienne Youte Kinkoue,FRA,21.0,DF,DEF,21.6,6.362592592592592,-13.395203106438666
Auston Trusty,USA,24.0,DF,DEF,28.6,6.768321678321678,-13.43265530359509
Julian Chabot,GER,25.0,DF,DEF,30.0,9.336666666666666,-13.464714145872748
Douglas,BRA,26.0,MF,MID,19.7,20.503045685279186,-13.477337326022266
Danley Jean-Jacques,HAI,23.0,MF,MID,29.8,17.407651006711408,-13.489714664121587
Ludovic Ajorque,FRA,29.0,FW,FWD,15.1,16.244437086092717,-13.529744875720581
Domingos Duarte,POR,28.0,DF,DEF,10.1,15.396534653465347,-13.556000409456274
Jorge Herrando,ESP,22.0,DF,DEF,18.3,6.314863387978141,-13.593783616184563
Eric Martel,GER,21.0,MF,MID,27.3,14.655824175824176,-13.604425028695681
Ismaël Traoré,CIV,36.0,DF,DEF,24.7,4.178582995951417,-13.616182213448848
Christopher Jullien,FRA,30.0,DF,DEF,13.7,6.573357664233577,-13.623177935960463
Raúl de Tomás,ESP,28.0,FW,FWD,14.1,16.122695035460996,-13.668926239689313
Raúl Torrente,ESP,21.0,DF,DEF,13.9,8.199496402877697,-13.671436727044828
Warren Bondo,FRA,19.0,MF,MID,16.4,15.845853658536585,-13.880992420225443
Miguel Ángel Rubio,ESP,25.0,DF,DEF,17.3,5.890346820809249,-13.937161139287236
Matej Maglica,CRO,24.0,DF,DEF,18.9,12.044761904761906,-13.975830321360593
Marco Friedl,AUT,25.0,DF,DEF,24.4,7.795901639344263,-14.030748557215349
Dejan Ljubicic,AUT,25.0,"MF,FW",FWD,22.8,17.785263157894736,-14.099640386392469
Christoph Zimmermann,GER,30.0,DF,DEF,13.6,8.917058823529413,-14.113639804784576
Lucas Tousart,FRA,26.0,MF,MID,17.5,17.015714285714285,-14.148264447358192
Alexis Blin,FRA,26.0,MF,MID,18.2,13.207362637362639,-14.16017614178068
Oliver Arblaster,ENG,19.0,MF,MID,10.5,17.162380952380953,-14.181414694878447
Ashley Young,ENG,38.0,"DF,MF",MID,25.3,21.603399209486163,-14.188102240085556
Chadi Riad,MAR,20.0,DF,DEF,24.0,4.883333333333333,-14.214777135999032
Salis Abdul Samed,GHA,23.0,MF,MID,16.9,19.065739644970414,-14.2409186766623
Jaime Mata,ESP,34.0,"FW,MF",FWD,19.9,18.684170854271358,-14.335242520851063
Maxime Gonalons,FRA,34.0,MF,MID,14.4,20.577222222222222,-14.3677510936571
Antonio Blanco,ESP,23.0,MF,MID,27.0,19.55222222222222,-14.45275872331357
Pathé Ciss,SEN,29.0,MF,MID,18.5,19.26891891891892,-14.848622296852447
Mohamed Kaba,FRA,21.0,MF,MID,15.3,20.797516339869283,-14.979422157577304
Kévin N'Doram,FRA,27.0,MF,MID,17.8,13.212808988764044,-15.061839048881023
João Palhinha,POR,28.0,MF,MID,30.0,12.126666666666667,-15.086653609538903
Pablo Marí,ESP,29.0,DF,DEF,29.1,6.490481099656358,-15.350996280841839
Andreas Hanche-Olsen,NOR,26.0,DF,DEF,11.0,5.15,-15.35907346541038
Denis Zakaria,SUI,26.0,"MF,DF",MID,23.7,19.850506329113927,-15.369606801306762
Kevin Vogt,GER,31.0,DF,DEF,14.7,8.435374149659863,-15.382671924922668
Boubakary Soumaré,FRA,24.0,MF,MID,25.4,17.91716535433071,-15.410711650085432
Samu Costa,POR,22.0,MF,MID,25.6,16.5509375,-15.483299119346206
Walace,BRA,28.0,MF,MID,36.0,15.555555555555554,-15.501370391747614
Junior Mwanga,FRA,20.0,"MF,FW",FWD,16.1,15.514720496894409,-15.616916658547309
Enzo Barrenechea,ARG,22.0,MF,MID,31.2,18.1325641025641,-15.638636071891096
Toma Bašić,CRO,26.0,MF,MID,12.9,18.43705426356589,-15.644706647761847
Abdul Mumin,GHA,25.0,DF,DEF,18.8,7.430425531914895,-15.67672445464882
Bartol Franjić,CRO,23.0,MF,MID,13.7,16.806350364963507,-15.709308264084015
Marcus Coco,FRA,27.0,"DF,FW",FWD,16.5,18.26818181818182,-15.755199042410583
Will Hughes,ENG,28.0,MF,MID,21.0,15.34,-15.764219741507251
Moritz Jenz,GER,24.0,DF,DEF,19.4,7.923505154639177,-15.787780382708313
Abdel Abqar,MAR,24.0,DF,DEF,25.7,6.304591439688715,-16.139686845345665
Ruan,BRA,24.0,DF,DEF,16.8,8.026666666666666,-16.202813718086407
Federico Fazio,ARG,36.0,DF,DEF,15.1,6.014039735099338,-16.210173133520808
Edson Álvarez,MEX,25.0,MF,MID,26.4,15.511515151515153,-16.26772497103511
Soungoutou Magassa,FRA,19.0,"DF,MF",MID,15.0,22.04333333333334,-16.301087052416914
Aridane Hernández,ESP,34.0,DF,DEF,18.8,3.211489361702127,-16.369431613679524
Sofyan Amrabat,MAR,26.0,"MF,DF",MID,10.4,23.186923076923073,-16.40520777570121
Max Finkgräfe,GER,19.0,"DF,FW",FWD,19.5,16.972820512820512,-16.412226042502063
Andre Brooks,ENG,19.0,"MF,DF",MID,10.4,15.013846153846153,-16.45737983353073
Boubacar Kamara,FRA,23.0,MF,MID,18.4,18.20608695652174,-16.462515141786387
José María Giménez,URU,28.0,DF,DEF,14.7,5.608231292517007,-16.473407681464785
Ibrahim Sulemana,GHA,20.0,MF,MID,14.9,11.396711409395973,-16.790711703018754
Guido Rodríguez,ARG,29.0,MF,MID,20.5,13.404390243902439,-16.853395308423
Óscar Valentín,ESP,28.0,MF,MID,29.9,16.728294314381273,-16.969266766986284
Lennard Maloney,USA,23.0,MF,MID,25.4,10.025669291338582,-17.142289563711262
Máximo Perrone,ARG,20.0,MF,MID,18.0,18.443333333333335,-17.160640900535732
Jan Thielmann,GER,21.0,"FW,DF",FWD,17.5,19.375714285714288,-17.165589401359156
Ismaël Doukouré,FRA,20.0,"MF,DF",MID,18.4,16.48304347826087,-17.570554632382684
Emmanuel Gyasi,GHA,29.0,"DF,FW",FWD,20.9,11.717703349282298,-17.729071670438923
Ko Itakura,JPN,26.0,"DF,MF",MID,17.7,9.682542372881356,-17.979201834825734
Lucas Torró,ESP,29.0,MF,MID,19.9,11.837537688442211,-17.989204872054255
Dominik Kohr,GER,29.0,"DF,MF",MID,24.3,17.489341563786006,-18.095953438531467
Hugo Guillamón,ESP,23.0,MF,MID,14.6,16.414383561643834,-18.151019315216406
Francis Coquelin,FRA,32.0,MF,MID,10.1,19.25792079207921,-18.27207713622193
Gabriel Paulista,BRA,32.0,DF,DEF,15.5,6.749677419354838,-18.571984844872233
Becir Omeragic,SUI,21.0,"DF,MF",MID,25.7,12.11443579766537,-18.73258775899666
Iglesias,ESP,25.0,"DF,FW",FWD,15.7,13.83579617834395,-18.73451077679225
Orel Mangala,BEL,25.0,MF,MID,17.4,12.318965517241379,-18.752828122004082
Óscar Melendo,ESP,25.0,"MF,FW",FWD,12.5,14.760000000000002,-19.170213323818952
Iddrisu Baba,GHA,27.0,MF,MID,15.9,12.358364779874213,-19.210632280887864
Niklas Dorsch,GER,25.0,MF,MID,15.4,13.616493506493507,-19.439012679774496
Ibrahim Sangaré,CIV,25.0,MF,MID,11.5,14.296956521739132,-19.57738914650321
Nicolas Höfler,GER,33.0,MF,MID,25.9,14.142393822393823,-19.62412525546297
Maxi Gómez,URU,26.0,FW,FWD,12.9,12.377984496124029,-19.973216311060714
Chris Richards,USA,23.0,"DF,MF",MID,23.3,5.985236051502146,-20.195966186456747
Juanmi Latasa,ESP,22.0,FW,FWD,17.3,12.83130057803468,-20.43969327592783
Rubén Sobrino,ESP,31.0,"MF,FW",FWD,18.3,15.339453551912568,-20.735077650116107
Vinicius Souza,BRA,24.0,MF,MID,29.6,9.555675675675676,-20.859410454794897
Édgar González,ESP,26.0,"DF,MF",MID,28.0,9.044285714285714,-21.101930462745543
Aster Vranckx,BEL,20.0,MF,MID,12.8,13.67375,-21.793493513584004
Jannik Müller,GER,29.0,"DF,MF",MID,12.6,10.625555555555556,-22.421007517728516
Rani Khedira,GER,29.0,MF,MID,14.9,10.962483221476509,-25.2641337916999
