team_A,team_B,P_team_A_wins,P_team_B_wins
NED,USA,1.0,0.0
NED,URU,1.0,0.0
NED,TUN,1.0,0.0
NED,SUI,1.0,0.0
NED,SEN,1.0,0.0
NED,SCO,1.0,0.0
NED,RSA,1.0,0.0
NED,PAR,1.0,0.0
NED,PAN,1.0,0.0
NED,NZL,1.0,0.0
NED,NOR,1.0,0.0
ARG,JOR,1.0,0.0
ARG,HAI,1.0,0.0
AUT,EGY,1.0,0.0
ARG,EGY,1.0,0.0
ARG,ECU,1.0,0.0
ARG,CPV,1.0,0.0
ARG,COL,1.0,0.0
ARG,CAN,1.0,0.0
ARG,ALG,1.0,0.0
ARG,TUN,1.0,0.0
AUT,PAR,1.0,0.0
ARG,RSA,1.0,0.0
ARG,PAR,1.0,0.0
ARG,PAN,1.0,0.0
ARG,NZL,1.0,0.0
ARG,MEX,1.0,0.0
ARG,KOR,1.0,0.0
NOR,HAI,1.0,0.0
NED,JOR,1.0,0.0
NED,HAI,1.0,0.0
NED,GHA,1.0,0.0
NED,EGY,1.0,0.0
NED,ECU,1.0,0.0
NED,CPV,1.0,0.0
NED,COL,1.0,0.0
NED,UZB,1.0,0.0
AUT,HAI,1.0,0.0
BEL,COL,1.0,0.0
BEL,CIV,1.0,0.0
BEL,CAN,1.0,0.0
AUT,ECU,1.0,0.0
AUT,CPV,1.0,0.0
AUT,COL,1.0,0.0
AUT,CAN,1.0,0.0
AUT,ALG,1.0,0.0
ARG,UZB,1.0,0.0
NED,CIV,1.0,0.0
NED,CAN,1.0,0.0
NED,ALG,1.0,0.0
NED,MEX,1.0,0.0
NED,KOR,1.0,0.0
NED,JPN,1.0,0.0
SEN,TUN,1.0,0.0
POR,RSA,1.0,0.0
POR,PAR,1.0,0.0
POR,PAN,1.0,0.0
POR,NZL,1.0,0.0
POR,NOR,1.0,0.0
POR,MEX,1.0,0.0
AUT,PAN,1.0,0.0
AUT,NZL,1.0,0.0
AUT,MEX,1.0,0.0
AUT,KOR,1.0,0.0
AUT,JOR,1.0,0.0
AUT,RSA,1.0,0.0
BEL,MEX,1.0,0.0
BEL,KOR,1.0,0.0
POR,USA,1.0,0.0
POR,URU,1.0,0.0
POR,TUN,1.0,0.0
POR,SUI,1.0,0.0
POR,SEN,1.0,0.0
SEN,RSA,1.0,0.0
SEN,PAR,1.0,0.0
SEN,NZL,1.0,0.0
NOR,CPV,1.0,0.0
SEN,MEX,1.0,0.0
SEN,HAI,1.0,0.0
MAR,UZB,1.0,0.0
MAR,USA,1.0,0.0
MAR,TUN,1.0,0.0
BEL,GHA,1.0,0.0
BEL,EGY,1.0,0.0
BEL,ECU,1.0,0.0
BEL,CPV,1.0,0.0
BRA,ALG,1.0,0.0
BEL,UZB,1.0,0.0
BEL,ALG,1.0,0.0
AUT,UZB,1.0,0.0
AUT,TUN,1.0,0.0
SEN,UZB,1.0,0.0
MAR,RSA,1.0,0.0
MAR,PAR,1.0,0.0
MAR,PAN,1.0,0.0
MAR,NZL,1.0,0.0
MAR,NOR,1.0,0.0
MAR,MEX,1.0,0.0
MAR,KOR,1.0,0.0
BEL,SEN,1.0,0.0
BEL,RSA,1.0,0.0
BEL,PAR,1.0,0.0
BEL,PAN,1.0,0.0
BEL,NZL,1.0,0.0
BEL,NOR,1.0,0.0
BRA,JPN,1.0,0.0
BRA,JOR,1.0,0.0
BRA,HAI,1.0,0.0
BRA,GHA,1.0,0.0
BEL,JOR,1.0,0.0
BEL,HAI,1.0,0.0
MAR,JOR,1.0,0.0
MAR,HAI,1.0,0.0
MAR,EGY,1.0,0.0
MAR,ECU,1.0,0.0
MAR,CPV,1.0,0.0
MAR,COL,1.0,0.0
MAR,CAN,1.0,0.0
MAR,ALG,1.0,0.0
BRA,EGY,1.0,0.0
BRA,ECU,1.0,0.0
BRA,CPV,1.0,0.0
BRA,COL,1.0,0.0
BRA,CIV,1.0,0.0
BRA,CAN,1.0,0.0
BRA,USA,1.0,0.0
BRA,URU,1.0,0.0
BRA,TUN,1.0,0.0
BRA,SUI,1.0,0.0
BEL,USA,1.0,0.0
BEL,URU,1.0,0.0
BEL,TUN,1.0,0.0
BRA,SCO,1.0,0.0
BRA,RSA,1.0,0.0
BRA,PAR,1.0,0.0
BRA,PAN,1.0,0.0
BRA,NZL,1.0,0.0
BRA,NOR,1.0,0.0
BRA,MEX,1.0,0.0
BRA,KOR,1.0,0.0
SEN,CPV,1.0,0.0
NOR,RSA,1.0,0.0
NOR,PAR,1.0,0.0
NOR,NZL,1.0,0.0
NOR,MEX,1.0,0.0
BRA,UZB,1.0,0.0
USA,UZB,1.0,0.0
USA,RSA,1.0,0.0
BRA,SEN,1.0,0.0
SUI,HAI,1.0,0.0
SUI,CPV,1.0,0.0
JPN,UZB,1.0,0.0
JPN,TUN,1.0,0.0
JPN,RSA,1.0,0.0
JPN,PAR,1.0,0.0
JPN,PAN,1.0,0.0
JPN,NZL,1.0,0.0
JPN,MEX,1.0,0.0
JPN,HAI,1.0,0.0
JPN,CPV,1.0,0.0
NOR,UZB,1.0,0.0
SCO,UZB,1.0,0.0
CIV,PAR,1.0,0.0
USA,NZL,1.0,0.0
SUI,PAR,1.0,0.0
SUI,PAN,1.0,0.0
SUI,NZL,1.0,0.0
SUI,MEX,1.0,0.0
SUI,TUN,1.0,0.0
SUI,RSA,1.0,0.0
SCO,TUN,1.0,0.0
SCO,RSA,1.0,0.0
SCO,PAR,1.0,0.0
SUI,UZB,1.0,0.0
GHA,MEX,1.0,0.0
GHA,UZB,1.0,0.0
GHA,RSA,1.0,0.0
GHA,PAR,1.0,0.0
GHA,NZL,1.0,0.0
GHA,HAI,1.0,0.0
GHA,CPV,1.0,0.0
USA,MEX,1.0,0.0
USA,HAI,1.0,0.0
CIV,CPV,1.0,0.0
GER,UZB,1.0,0.0
GER,USA,1.0,0.0
GER,URU,1.0,0.0
GER,TUN,1.0,0.0
GER,SUI,1.0,0.0
GER,SEN,1.0,0.0
GER,SCO,1.0,0.0
GER,RSA,1.0,0.0
GER,PAR,1.0,0.0
POR,GHA,1.0,0.0
POR,EGY,1.0,0.0
POR,ECU,1.0,0.0
POR,CPV,1.0,0.0
POR,COL,1.0,0.0
POR,CIV,1.0,0.0
POR,CAN,1.0,0.0
CIV,NZL,1.0,0.0
CIV,MEX,1.0,0.0
CIV,HAI,1.0,0.0
GER,PAN,1.0,0.0
GER,NZL,1.0,0.0
GER,NOR,1.0,0.0
GER,MEX,1.0,0.0
GER,MAR,1.0,0.0
GER,KOR,1.0,0.0
GER,JPN,1.0,0.0
GER,JOR,1.0,0.0
GER,HAI,1.0,0.0
GER,GHA,1.0,0.0
GER,EGY,1.0,0.0
GER,ECU,1.0,0.0
USA,CPV,1.0,0.0
CIV,UZB,1.0,0.0
CIV,TUN,1.0,0.0
POR,JOR,1.0,0.0
POR,HAI,1.0,0.0
GER,CRO,1.0,0.0
GER,CPV,1.0,0.0
GER,COL,1.0,0.0
GER,CIV,1.0,0.0
GER,CAN,1.0,0.0
GER,AUT,1.0,0.0
GER,ARG,1.0,0.0
GER,ALG,1.0,0.0
FRA,UZB,1.0,0.0
FRA,USA,1.0,0.0
FRA,URU,1.0,0.0
FRA,TUN,1.0,0.0
FRA,SUI,1.0,0.0
FRA,SEN,1.0,0.0
CIV,RSA,1.0,0.0
COL,MEX,1.0,0.0
FRA,SCO,1.0,0.0
FRA,RSA,1.0,0.0
FRA,PAR,1.0,0.0
FRA,PAN,1.0,0.0
FRA,NZL,1.0,0.0
FRA,NOR,1.0,0.0
FRA,MEX,1.0,0.0
FRA,MAR,1.0,0.0
FRA,KOR,1.0,0.0
FRA,JPN,1.0,0.0
FRA,JOR,1.0,0.0
FRA,HAI,1.0,0.0
FRA,GHA,1.0,0.0
POR,ALG,1.0,0.0
FRA,EGY,1.0,0.0
FRA,ECU,1.0,0.0
FRA,CRO,1.0,0.0
FRA,CPV,1.0,0.0
FRA,COL,1.0,0.0
FRA,CIV,1.0,0.0
FRA,CAN,1.0,0.0
FRA,BEL,1.0,0.0
FRA,AUT,1.0,0.0
FRA,ARG,1.0,0.0
FRA,ALG,1.0,0.0
ESP,UZB,1.0,0.0
ESP,USA,1.0,0.0
URU,NZL,1.0,0.0
URU,MEX,1.0,0.0
URU,UZB,1.0,0.0
URU,TUN,1.0,0.0
URU,RSA,1.0,0.0
URU,PAR,1.0,0.0
ESP,URU,1.0,0.0
ESP,TUN,1.0,0.0
ESP,SUI,1.0,0.0
ESP,SEN,1.0,0.0
ESP,SCO,1.0,0.0
ESP,RSA,1.0,0.0
ESP,PAR,1.0,0.0
ESP,PAN,1.0,0.0
ESP,NZL,1.0,0.0
ESP,NOR,1.0,0.0
ESP,MEX,1.0,0.0
ESP,MAR,1.0,0.0
ESP,KOR,1.0,0.0
ESP,JPN,1.0,0.0
SCO,CPV,1.0,0.0
ESP,JOR,1.0,0.0
ESP,HAI,1.0,0.0
ESP,GHA,1.0,0.0
ESP,EGY,1.0,0.0
ESP,ECU,1.0,0.0
ESP,CRO,1.0,0.0
ESP,CPV,1.0,0.0
ESP,COL,1.0,0.0
ESP,CIV,1.0,0.0
ESP,CAN,1.0,0.0
ESP,AUT,1.0,0.0
CRO,KOR,1.0,0.0
CRO,JOR,1.0,0.0
URU,HAI,1.0,0.0
CRO,EGY,1.0,0.0
CRO,CPV,1.0,0.0
CRO,CAN,1.0,0.0
ESP,ARG,1.0,0.0
ESP,ALG,1.0,0.0
ENG,UZB,1.0,0.0
ENG,USA,1.0,0.0
ENG,URU,1.0,0.0
ENG,TUN,1.0,0.0
ENG,SUI,1.0,0.0
ENG,SEN,1.0,0.0
ENG,SCO,1.0,0.0
ENG,RSA,1.0,0.0
ENG,PAR,1.0,0.0
ENG,PAN,1.0,0.0
ENG,NZL,1.0,0.0
ENG,NOR,1.0,0.0
CRO,UZB,1.0,0.0
CRO,TUN,1.0,0.0
CRO,ALG,1.0,0.0
CRO,RSA,1.0,0.0
CRO,PAR,1.0,0.0
CRO,PAN,1.0,0.0
CRO,NZL,1.0,0.0
CRO,MEX,1.0,0.0
CRO,HAI,1.0,0.0
ENG,MEX,1.0,0.0
ENG,KOR,1.0,0.0
ENG,JPN,1.0,0.0
ENG,JOR,1.0,0.0
ENG,HAI,1.0,0.0
ENG,GHA,1.0,0.0
ENG,EGY,1.0,0.0
ENG,ECU,1.0,0.0
ENG,CRO,1.0,0.0
ENG,CPV,1.0,0.0
ENG,COL,1.0,0.0
ENG,CIV,1.0,0.0
ENG,CAN,1.0,0.0
ENG,AUT,1.0,0.0
ENG,ARG,1.0,0.0
ENG,ALG,1.0,0.0
ECU,MEX,1.0,0.0
URU,CPV,1.0,0.0
SCO,PAN,1.0,0.0
SCO,NZL,1.0,0.0
SCO,MEX,1.0,0.0
SCO,HAI,1.0,0.0
POR,KOR,1.0,0.0
POR,UZB,1.0,0.0
BRA,CRO,0.9999999999999998,2.220446049250313e-16
USA,PAR,0.9999999999999998,2.220446049250313e-16
MAR,GHA,0.9999999999999998,2.220446049250313e-16
JPN,KOR,0.9999999999999993,6.661338147750939e-16
FRA,POR,0.9999999999999993,6.661338147750939e-16
GER,BEL,0.9999999999999993,6.661338147750939e-16
SCO,KOR,0.9999999999999991,8.881784197001252e-16
BEL,SUI,0.9999999999999987,1.3322676295501878e-15
ENG,MAR,0.9999999999999987,1.3322676295501878e-15
COL,CPV,0.9999999999999987,1.3322676295501878e-15
CAN,MEX,0.9999999999999984,1.5543122344752192e-15
ECU,CPV,0.9999999999999984,1.5543122344752192e-15
EGY,MEX,0.9999999999999984,1.5543122344752192e-15
ALG,MEX,0.9999999999999984,1.5543122344752192e-15
GHA,TUN,0.9999999999999982,1.7763568394002505e-15
CRO,ECU,0.999999999999998,1.9984014443252818e-15
NED,CRO,0.999999999999998,1.9984014443252818e-15
CRO,COL,0.9999999999999976,2.4424906541753444e-15
ARG,USA,0.9999999999999976,2.4424906541753444e-15
COL,UZB,0.9999999999999971,2.886579864025407e-15
SEN,PAN,0.9999999999999969,3.1086244689504383e-15
ECU,UZB,0.9999999999999967,3.3306690738754696e-15
NOR,TUN,0.9999999999999964,3.552713678800501e-15
BRA,AUT,0.9999999999999962,3.774758283725532e-15
JPN,JOR,0.9999999999999951,4.884981308350689e-15
JOR,MEX,0.9999999999999947,5.329070518200751e-15
MAR,CIV,0.9999999999999942,5.773159728050814e-15
POR,SCO,0.9999999999999942,5.773159728050814e-15
SCO,JOR,0.9999999999999927,7.327471962526033e-15
ESP,BEL,0.9999999999999918,8.215650382226158e-15
POR,JPN,0.9999999999999916,8.43769498715119e-15
COL,HAI,0.9999999999999882,1.176836406102666e-14
URU,PAN,0.9999999999999858,1.4210854715202004e-14
ECU,HAI,0.9999999999999856,1.4432899320127035e-14
MAR,URU,0.9999999999999851,1.4876988529977098e-14
JPN,ALG,0.9999999999999845,1.554312234475219e-14
JPN,EGY,0.9999999999999845,1.554312234475219e-14
JPN,CAN,0.9999999999999838,1.6209256159527285e-14
ARG,NOR,0.9999999999999833,1.6653345369377348e-14
SCO,EGY,0.9999999999999769,2.3092638912203256e-14
SCO,ALG,0.9999999999999767,2.3314683517128287e-14
USA,TUN,0.9999999999999762,2.375877272697835e-14
SCO,CAN,0.999999999999976,2.398081733190338e-14
GER,POR,0.9999999999999698,3.019806626980426e-14
ARG,GHA,0.9999999999999671,3.2862601528904634e-14
CIV,PAN,0.9999999999999631,3.68594044175552e-14
KOR,MEX,0.9999999999999589,4.107825191113079e-14
NED,AUT,0.9999999999999529,4.707345624410664e-14
CAN,CPV,0.99999999999995,4.9960036108132044e-14
ALG,CPV,0.9999999999999485,5.1514348342607263e-14
EGY,CPV,0.9999999999999483,5.1736392947532295e-14
MAR,SEN,0.9999999999999314,6.861178292183467e-14
CAN,UZB,0.9999999999998903,1.0969003483296547e-13
ALG,UZB,0.9999999999998868,1.1324274851176597e-13
EGY,UZB,0.9999999999998863,1.1368683772161603e-13
JOR,CPV,0.9999999999998372,1.6275869541004795e-13
SUI,KOR,0.9999999999998357,1.6431300764452317e-13
BEL,SCO,0.9999999999997504,2.495781359357352e-13
COL,RSA,0.9999999999997327,2.673417043297377e-13
COL,NZL,0.999999999999696,3.0397906414236786e-13
ECU,RSA,0.9999999999996758,3.241851231905457e-13
JOR,UZB,0.9999999999996423,3.5771385853422544e-13
ESP,POR,0.9999999999996352,3.6481928589182644e-13
ECU,NZL,0.9999999999996314,3.6859404417555197e-13
BEL,JPN,0.9999999999996287,3.7125857943465235e-13
CAN,HAI,0.9999999999995357,4.642952688982405e-13
ALG,HAI,0.9999999999995204,4.796163466380676e-13
EGY,HAI,0.9999999999995186,4.813927034774679e-13
JPN,ECU,0.9999999999994762,5.238032230181489e-13
FRA,NED,0.9999999999993809,6.190603585309873e-13
JPN,COL,0.9999999999993647,6.352696146905146e-13
SCO,ECU,0.9999999999992211,7.789324740770098e-13
ARG,CIV,0.9999999999990703,9.29700760821106e-13
SCO,COL,0.9999999999990554,9.445777493510832e-13
GHA,PAN,0.999999999998958,1.042055330913172e-12
AUT,USA,0.9999999999988591,1.1408651801048109e-12
KOR,CPV,0.9999999999987204,1.2796430581829554e-12
SUI,JOR,0.999999999998709,1.290967333034132e-12
JOR,HAI,0.999999999998485,1.5150103394034886e-12
BRA,ARG,0.9999999999982949,1.7050805212193154e-12
NOR,PAN,0.9999999999979512,2.048805569643264e-12
POR,CRO,0.9999999999978808,2.119193709404499e-12
ARG,URU,0.9999999999975755,2.424505041176417e-12
KOR,UZB,0.9999999999971889,2.8110846983508964e-12
COL,PAR,0.9999999999969065,3.093525435815536e-12
ECU,PAR,0.999999999996249,3.750999510998554e-12
SUI,EGY,0.9999999999959375,4.062528091708373e-12
SUI,ALG,0.9999999999959208,4.07918143707775e-12
SUI,CAN,0.9999999999957874,4.212630244637694e-12
ENG,BEL,0.9999999999956097,4.390265928577719e-12
MAR,SUI,0.9999999999952445,4.7555293036793955e-12
AUT,NOR,0.9999999999925178,7.48223705215878e-12
FRA,BRA,0.9999999999923586,7.641443033890027e-12
CAN,RSA,0.9999999999894942,1.0505818437422931e-11
ALG,RSA,0.9999999999891505,1.084954348584688e-11
EGY,RSA,0.9999999999891058,1.0894174451436811e-11
ARG,SEN,0.9999999999887541,1.124589310563806e-11
SEN,KOR,0.9999999999886264,1.1373568753469954e-11
KOR,HAI,0.9999999999880935,1.1906475805290029e-11
CAN,NZL,0.9999999999880531,1.1946887923386385e-11
ALG,NZL,0.9999999999876621,1.2337908472659365e-11
EGY,NZL,0.9999999999876115,1.2388534642582272e-11
USA,PAN,0.999999999986563,1.343702926703827e-11
AUT,GHA,0.9999999999852891,1.4710899165493174e-11
NED,ARG,0.9999999999789491,2.1050938769917593e-11
CRO,USA,0.999999999972057,2.794298126218564e-11
GER,NED,0.9999999999666778,3.332223386109945e-11
JOR,RSA,0.9999999999657208,3.4279246108326333e-11
JOR,NZL,0.9999999999610185,3.898148470682372e-11
POR,AUT,0.9999999999480957,5.190425866885562e-11
URU,KOR,0.9999999999472424,5.2757576085582514e-11
SEN,JOR,0.999999999910619,8.93809470881024e-11
BEL,CRO,0.9999999999066611,9.333889217089109e-11
CAN,PAR,0.9999999998784255,1.2157452822236792e-10
ALG,PAR,0.9999999998744471,1.255529014088097e-10
EGY,PAR,0.9999999998739317,1.260682669368407e-10
SUI,ECU,0.9999999998634654,1.3653456143458698e-10
CIV,KOR,0.9999999998624356,1.3756440431222927e-10
PAN,MEX,0.9999999998469926,1.5300738454016027e-10
SUI,COL,0.9999999998344506,1.6554935200474574e-10
CRO,NOR,0.9999999998167453,1.832547447122579e-10
ENG,POR,0.999999999806634,1.9336598988672904e-10
COL,TUN,0.9999999997375362,2.624638284487446e-10
KOR,RSA,0.9999999997306106,2.6938939967635633e-10
BRA,MAR,0.9999999997208444,2.79155587534774e-10
SEN,EGY,0.9999999997187567,2.8124325091027913e-10
SEN,ALG,0.9999999997176019,2.823981049004942e-10
SEN,CAN,0.9999999997083611,2.9163893522365925e-10
KOR,NZL,0.9999999996936575,3.063425069171899e-10
ECU,TUN,0.9999999996817601,3.18239878893678e-10
CRO,GHA,0.9999999996397053,3.602946829772691e-10
JOR,PAR,0.9999999996033178,3.966822426093586e-10
ESP,NED,0.9999999995981557,4.018443355846557e-10
GER,BRA,0.9999999995886211,4.1137893092013655e-10
URU,JOR,0.9999999995853952,4.146047949404874e-10
AUT,CIV,0.9999999995845157,4.1548431362059546e-10
ARG,SUI,0.9999999992214452,7.785547762040324e-10
MAR,SCO,0.9999999991665176,8.334823942135472e-10
CIV,JOR,0.9999999989189254,1.081074563202833e-09
AUT,URU,0.9999999989166319,1.0833680619271036e-09
MAR,JPN,0.9999999987606638,1.2393361892293342e-09
URU,EGY,0.9999999986954189,1.3045811098066906e-09
URU,ALG,0.9999999986900625,1.3099374918112971e-09
URU,CAN,0.9999999986471972,1.3528027587028646e-09
BEL,AUT,0.9999999977139578,2.286042244392661e-09
KOR,PAR,0.999999996882603,3.1173970072018165e-09
CIV,EGY,0.999999996598328,3.401672055147742e-09
CIV,ALG,0.9999999965843609,3.4156391048867363e-09
NED,MAR,0.9999999965536823,3.4463176756815983e-09
CIV,CAN,0.999999996472591,3.5274090315340345e-09
GHA,KOR,0.9999999961146964,3.885303634376669e-09
PAN,CPV,0.999999995229359,4.770640993356778e-09
ESP,BRA,0.9999999950390275,4.960972521672602e-09
AUT,SEN,0.9999999949746665,5.025333482677752e-09
JPN,USA,0.999999992974671,7.02532898522179e-09
NOR,KOR,0.9999999923611577,7.638842336454843e-09
SEN,ECU,0.999999990547671,9.452329030601447e-09
CRO,CIV,0.9999999898240165,1.017598350028237e-08
CAN,TUN,0.999999989685508,1.0314492038254741e-08
SCO,USA,0.9999999895537758,1.044622421897401e-08
PAN,UZB,0.9999999895197248,1.0480275203228473e-08
ALG,TUN,0.9999999893479866,1.0652013382461689e-08
EGY,TUN,0.99999998930425,1.0695749952382982e-08
SEN,COL,0.9999999885389635,1.146103645321972e-08
POR,ARG,0.9999999768060198,2.3193980180913343e-08
CRO,URU,0.9999999734663028,2.65336972393726e-08
GHA,JOR,0.9999999694666586,3.0533341410787784e-08
JOR,TUN,0.9999999663451244,3.3654875553068564e-08
URU,ECU,0.9999999561542355,4.384576446359034e-08
PAN,HAI,0.9999999556093442,4.4390655817849733e-08
JPN,NOR,0.9999999539265788,4.607342118934099e-08
USA,KOR,0.9999999499030426,5.009695736024611e-08
URU,COL,0.9999999468366053,5.316339468652842e-08
NOR,JOR,0.9999999399688146,6.003118535602425e-08
SCO,NOR,0.9999999314917098,6.850829015192517e-08
TUN,MEX,0.9999999133702415,8.662975847784082e-08
JPN,GHA,0.9999999094156777,9.058432226538571e-08
GHA,EGY,0.9999999039248509,9.607514905862757e-08
GHA,ALG,0.9999999035303724,9.646962761955535e-08
GHA,CAN,0.9999999003735939,9.962640612481977e-08
CIV,ECU,0.99999988567295,1.1432705004921218e-07
CRO,SEN,0.9999998769202645,1.2307973551450857e-07
SCO,GHA,0.9999998653067922,1.3469320780945537e-07
ARG,SCO,0.9999998635481606,1.3645183938315597e-07
CIV,COL,0.9999998613773967,1.3862260328512122e-07
COL,PAN,0.9999998513982175,1.486017825458319e-07
ECU,PAN,0.9999998198189686,1.801810314283614e-07
NOR,EGY,0.9999998111079745,1.8889202546557016e-07
NOR,ALG,0.9999998103323957,1.8966760428895668e-07
NOR,CAN,0.9999998041258982,1.958741018270871e-07
ARG,JPN,0.9999997971046747,2.0289532531858612e-07
ENG,NED,0.9999997869492437,2.1305075625921432e-07
KOR,TUN,0.999999735517296,2.644827039599562e-07
MAR,CRO,0.9999996884094071,3.115905928829932e-07
AUT,SUI,0.9999996520946264,3.479053736210602e-07
USA,JOR,0.9999996063043759,3.936956241012979e-07
BRA,BEL,0.9999990681030686,9.318969313998338e-07
PAN,RSA,0.999998995639489,1.0043605109810727e-06
BEL,ARG,0.9999989784586393,1.0215413607239654e-06
PAN,NZL,0.9999988578678907,1.142132109333005e-06
USA,EGY,0.999998761212022,1.2387879779751643e-06
USA,ALG,0.9999987561256416,1.2438743584031187e-06
USA,CAN,0.9999987154223554,1.2845776445891133e-06
FRA,ENG,0.9999983780039107,1.6219960893293361e-06
SUI,USA,0.9999981691664472,1.8308335527628117e-06
JPN,CIV,0.9999974415870626,2.5584129373923403e-06
ENG,BRA,0.9999973697865647,2.630213435272921e-06
TUN,CPV,0.9999972989658564,2.701034143570702e-06
GHA,ECU,0.999996771012828,3.22898717197706e-06
POR,MAR,0.9999962028595878,3.7971404122094654e-06
SCO,CIV,0.9999961958049444,3.8041950556344517e-06
GHA,COL,0.9999960848258485,3.915174151547518e-06
CAN,PAN,0.9999941601750985,5.8398249015434445e-06
TUN,UZB,0.9999940663130727,5.933686927250825e-06
ALG,PAN,0.9999939690794832,6.030920516764127e-06
EGY,PAN,0.9999939443170469,6.055682953087782e-06
NOR,ECU,0.9999936515520798,6.348447920245803e-06
JPN,URU,0.999993329010775,6.6709892250216285e-06
PAR,MEX,0.9999926503065055,7.349693494473897e-06
MAR,AUT,0.9999923686233527,7.631376647276866e-06
NOR,COL,0.9999923024585113,7.69754148866042e-06
CRO,SUI,0.9999914792206829,8.520779317122695e-06
SCO,URU,0.9999900806890729,9.919310927086755e-06
NED,BEL,0.9999884953807142,1.1504619285784834e-05
PAN,PAR,0.9999883775811729,1.1622418827128556e-05
SUI,NOR,0.9999879931728618,1.2006827138200116e-05
JOR,PAN,0.9999809456452946,1.9054354705394516e-05
SUI,GHA,0.9999763938144295,2.360618557051275e-05
TUN,HAI,0.9999748675294968,2.513247050317524e-05
JPN,SEN,0.9999690565647801,3.0943435219921156e-05
BRA,POR,0.9999589577116207,4.1042288379311564e-05
USA,ECU,0.9999583671586427,4.1632841357275296e-05
SCO,SEN,0.999953989743192,4.601025680794901e-05
USA,COL,0.9999495202410551,5.047975894489909e-05
ARG,CRO,0.9999489911735039,5.1008826496112825e-05
AUT,SCO,0.9999390287467385,6.097125326154362e-05
NZL,MEX,0.9999252132481526,7.47867518473555e-05
RSA,MEX,0.9999149553519723,8.504464802772116e-05
GER,ENG,0.9999126881046925,8.731189530752914e-05
AUT,JPN,0.9999093422568134,9.065774318661735e-05
SEN,USA,0.9998732666178105,0.00012673338218949226
KOR,PAN,0.9998502775657988,0.0001497224342011938
BEL,MAR,0.999832788252054,0.00016721174794598337
PAR,CPV,0.9997708937087879,0.00022910629121208892
PAR,UZB,0.999496830966325,0.0005031690336749772
NED,POR,0.9994935479320829,0.000506452067917107
COL,KOR,0.9994462764499512,0.0005537235500487903
TUN,RSA,0.9994316737830649,0.0005683262169351444
URU,USA,0.9994124029168325,0.0005875970831674682
TUN,NZL,0.9993537648050501,0.0006462351949498846
SUI,CIV,0.9993337069554227,0.0006662930445773263
ECU,KOR,0.9993286840641986,0.0006713159358013865
SEN,NOR,0.9991694437951081,0.0008305562048919191
FRA,ESP,0.9991407837090435,0.0008592162909565326
PAN,TUN,0.9990149034111414,0.0009850965888585916
ESP,ENG,0.9989480890494562,0.0010519109505437996
ARG,AUT,0.9987521943075033,0.0012478056924967174
CRO,SCO,0.9985088365666667,0.0014911634333333312
CIV,USA,0.99846929678668,0.0015307032133200504
SEN,GHA,0.9983683639583965,0.0016316360416035458
SUI,URU,0.9982645114276063,0.0017354885723936953
HAI,MEX,0.9980793533156652,0.0019206466843347814
PAR,HAI,0.9978722220274184,0.002127777972581568
JPN,SUI,0.997862289034727,0.002137710965273043
CRO,JPN,0.9977843421680433,0.0022156578319566522
NZL,CPV,0.9976734645236232,0.0023265354763768453
RSA,CPV,0.9973551693258833,0.002644830674116694
SCO,SUI,0.9968246629953502,0.003175337004649781
MAR,ARG,0.9966014016268626,0.0033985983731373848
URU,NOR,0.9961589729793199,0.003841027020680121
COL,JOR,0.9956649297709562,0.00433507022904378
NZL,UZB,0.9949031947240857,0.0050968052759142735
ECU,JOR,0.9947485250979654,0.005251474902034592
RSA,UZB,0.994208096944193,0.005791903055807013
TUN,PAR,0.9934625618756531,0.006537438124346928
URU,GHA,0.9924761283720104,0.00752387162798962
SUI,SEN,0.9920002441364462,0.007999755863553837
UZB,MEX,0.9919150787758696,0.008084921224130404
CIV,NOR,0.9900460492221161,0.009953950777883858
FRA,GER,0.9897359237601752,0.010264076239824838
POR,BEL,0.9874827258008292,0.012517274199170814
COL,EGY,0.9864851803679561,0.013514819632043928
COL,ALG,0.9864304423435405,0.013569557656459508
COL,CAN,0.9859926250893711,0.014007374910628867
ECU,EGY,0.9836600847175532,0.016339915282446826
ECU,ALG,0.9835940947201105,0.0164059052798895
ECU,CAN,0.9830663346371818,0.01693366536281815
CPV,MEX,0.982409037308601,0.017590962691399037
CIV,GHA,0.9806160759822788,0.019383924017721155
NZL,HAI,0.9787620195930802,0.02123798040691982
CAN,KOR,0.9786912716074064,0.021308728392593568
ALG,KOR,0.9780093192381402,0.021990680761859838
EGY,KOR,0.9779210204275198,0.022078979572480173
AUT,CRO,0.9777130295543438,0.022286970445656196
RSA,HAI,0.9759188844622181,0.024081115537781916
GHA,USA,0.9584982620863698,0.04150173791363021
BRA,NED,0.9567342987830241,0.04326570121697593
SEN,CIV,0.955878152492699,0.04412184750730097
GER,ESP,0.9557531475392543,0.04424685246074567
PAR,RSA,0.9539757019268126,0.04602429807318742
PAR,NZL,0.9479907339625231,0.05200926603747691
HAI,CPV,0.943396808635071,0.05660319136492897
JOR,KOR,0.9336706581029871,0.0663293418970129
NOR,USA,0.921549416443123,0.07845058355687695
SEN,URU,0.8925723742614727,0.10742762573852727
HAI,UZB,0.8835419182825834,0.11645808171741656
CAN,JOR,0.8538948283328899,0.14610517166711012
ALG,JOR,0.8498317792204185,0.15016822077958147
EGY,JOR,0.8493081116190092,0.1506918883809908
URU,CIV,0.8236475850150107,0.17635241498498933
UZB,CPV,0.7973619811710166,0.20263801882898336
GHA,NOR,0.7788398274094541,0.22116017259054588
JPN,SCO,0.7270272118379367,0.2729727881620633
COL,ECU,0.6847235327061518,0.3152764672938482
NZL,RSA,0.6707146623502384,0.32928533764976164
CAN,EGY,0.6500297118776474,0.34997028812235265
CAN,ALG,0.6490969878445496,0.3509030121554504
ALG,EGY,0.6426698005268656,0.3573301994731344
EGY,ALG,0.6407856501024836,0.35921434989751644
ALG,CAN,0.6342920000560016,0.3657079999439984
EGY,CAN,0.633340991428938,0.36665900857106204
RSA,NZL,0.6116676074157257,0.3883323925842743
ECU,COL,0.5963263354823735,0.40367366451762654
SCO,JPN,0.5464047454607178,0.4535952545392822
NOR,GHA,0.47672390751385807,0.5232760924861419
CPV,UZB,0.4491412420993869,0.5508587579006131
CIV,URU,0.40720982594819954,0.5927901740518005
JOR,EGY,0.36275228719386493,0.6372477128061351
JOR,ALG,0.36180562290217366,0.6381943770978263
JOR,CAN,0.35440436477343673,0.6455956352265633
UZB,HAI,0.2972012946714252,0.7027987053285748
URU,SEN,0.2785744706972994,0.7214255293027005
USA,NOR,0.21452859946824743,0.7854714005317526
KOR,JOR,0.18561706910543604,0.8143829308945639
CPV,HAI,0.1614234109226415,0.8385765890773584
NZL,PAR,0.14967194764523314,0.8503280523547668
RSA,PAR,0.13403747268708543,0.8659625273129146
ESP,GER,0.12932176006307694,0.8706782399369231
CIV,SEN,0.12898884179219178,0.8710111582078082
NED,BRA,0.12670420873421387,0.8732957912657862
USA,GHA,0.12197210973447649,0.8780278902655235
HAI,RSA,0.07335872760366631,0.9266412723963336
CRO,AUT,0.06814956927854537,0.9318504307214546
KOR,EGY,0.06754313837591212,0.9324568616240879
KOR,ALG,0.06728552831858585,0.9327144716814142
KOR,CAN,0.06529271347895149,0.9347072865210485
HAI,NZL,0.06508564405121123,0.9349143559487888
GHA,CIV,0.05963696193526641,0.9403630380647336
MEX,CPV,0.054326975809678574,0.9456730241903214
CAN,ECU,0.05237018824041075,0.9476298117595893
ALG,ECU,0.050795067773663015,0.949204932226337
EGY,ECU,0.050597868818606506,0.9494021311813935
CAN,COL,0.04359168918288631,0.9564083108171136
ALG,COL,0.042268819759032975,0.957731180240967
EGY,COL,0.04210325355849163,0.9578967464415084
BEL,POR,0.03907915322351859,0.9609208467764814
GER,FRA,0.03220054192224048,0.9677994580777596
NOR,CIV,0.031248540251515373,0.9687514597484846
MEX,UZB,0.025483997064367683,0.9745160029356323
SEN,SUI,0.025220212438816232,0.9747797875611838
GHA,URU,0.02374444891391757,0.9762555510860824
PAR,TUN,0.020675684396608163,0.9793243156033918
UZB,RSA,0.018347588735320525,0.9816524112646795
JOR,ECU,0.01665524655345893,0.983344753446541
UZB,NZL,0.016170165881709494,0.9838298341182905
JOR,COL,0.013776395143290262,0.9862236048567098
NOR,URU,0.012219583226008137,0.9877804167739919
ARG,MAR,0.010822555637696086,0.9891774443623039
SUI,SCO,0.010116548887164184,0.9898834511128358
CPV,RSA,0.008436182605085758,0.9915638173949143
CPV,NZL,0.007426109958420885,0.9925738900415791
JPN,CRO,0.007073920850745743,0.9929260791492542
SUI,JPN,0.006826229525295807,0.9931737704747042
HAI,PAR,0.0067946594127006165,0.9932053405872994
MEX,HAI,0.006136018096791159,0.9938639819032088
URU,SUI,0.005546739539217602,0.9944532604607824
GHA,SEN,0.00521601145530363,0.9947839885446964
USA,CIV,0.004894436565806009,0.995105563434194
SCO,CRO,0.004768422741107592,0.9952315772588924
AUT,ARG,0.00399235506389609,0.9960076449361039
ENG,ESP,0.0033670422912257525,0.9966329577087742
TUN,PAN,0.0031536416705003453,0.9968463583294996
ESP,FRA,0.0027514176217885277,0.9972485823782115
NOR,SEN,0.00265980914154909,0.9973401908584509
KOR,ECU,0.002150606093538357,0.9978493939064617
CIV,SUI,0.0021345385626586597,0.9978654614373413
NZL,TUN,0.002070372740957639,0.9979296272590423
USA,URU,0.0018827546399458903,0.9981172453600541
RSA,TUN,0.0018210851132997926,0.9981789148867002
KOR,COL,0.0017743510005187326,0.9982256489994813
POR,NED,0.0016230435498949443,0.998376956450105
UZB,PAR,0.0016125339801790135,0.998387466019821
CPV,PAR,0.0007346739055499641,0.9992653260944501
MAR,BEL,0.0005362702700821313,0.9994637297299178
PAN,KOR,0.0004801982588506357,0.9995198017411494
USA,SEN,0.0004064871003985399,0.9995935128996014
JPN,AUT,0.00029080055891116504,0.9997091994410888
ENG,GER,0.00028007023589842806,0.9997199297641016
MEX,RSA,0.0002727989557795672,0.9997272010442204
MEX,NZL,0.00023989998619911338,0.9997601000138009
SCO,AUT,0.00019558877274167855,0.9998044112272583
CRO,ARG,0.0001636340522045591,0.9998363659477955
COL,USA,0.00016193701615147658,0.9998380629838485
SEN,SCO,0.00014760049151866622,0.9998523995084814
ECU,USA,0.00013355907292829245,0.9998664409270717
POR,BRA,0.00013166473764777718,0.9998683352623522
SEN,JPN,9.926956547867665e-05,0.9999007304345213
HAI,TUN,8.062845712789068e-05,0.9999193715428721
GHA,SUI,7.573217825408735e-05,0.9999242678217459
PAN,JOR,6.112983765585376e-05,0.9999388701623442
NOR,SUI,3.852068609834424e-05,0.9999614793139017
PAR,PAN,3.728744673590916e-05,0.9999627125532641
BEL,NED,3.6909527767356146e-05,0.9999630904722326
URU,SCO,3.182359665276877e-05,0.9999681764033472
SUI,CRO,2.7336846640995816e-05,0.999972663153359
COL,NOR,2.4695733324159938e-05,0.9999753042666758
AUT,MAR,2.4483462725160573e-05,0.9999755165372748
MEX,PAR,2.357976377803099e-05,0.999976420236222
URU,JPN,2.140233275998277e-05,0.9999785976672401
ECU,NOR,2.0367547764118904e-05,0.9999796324522359
PAN,EGY,1.9428290675715784e-05,0.9999805717093243
PAN,ALG,1.9348847050798398e-05,0.9999806511529492
UZB,TUN,1.903689911613884e-05,0.9999809631008839
PAN,CAN,1.873576781385492e-05,0.9999812642321861
COL,GHA,1.2561011135885288e-05,0.9999874389888641
CIV,SCO,1.2204961087599003e-05,0.9999877950389124
MAR,POR,1.2182327935195937e-05,0.9999878176720648
ECU,GHA,1.0359540524970386e-05,0.999989640459475
CPV,TUN,8.665722037067296e-06,0.9999913342779629
BRA,ENG,8.438509430406821e-06,0.9999915614905696
CIV,JPN,8.208153313127325e-06,0.9999917918466869
USA,SUI,5.873870639977052e-06,0.99999412612936
ENG,FRA,5.203858966964842e-06,0.999994796141033
CAN,USA,4.121320587029635e-06,0.999995878679413
ALG,USA,3.990732271819771e-06,0.9999960092677281
EGY,USA,3.974413640530089e-06,0.9999960255863595
NZL,PAN,3.664312605666327e-06,0.9999963356873943
ARG,BEL,3.277421107314063e-06,0.9999967225788927
RSA,PAN,3.2222997414923356e-06,0.9999967777002585
BEL,BRA,2.9898146027560785e-06,0.9999970101853972
JOR,USA,1.2630992603923542e-06,0.9999987369007396
SUI,AUT,1.1161898621874849e-06,0.9999988838101378
CRO,MAR,9.996807037842711e-07,0.9999990003192962
TUN,KOR,8.485438565462817e-07,0.9999991514561435
NED,ENG,6.835340388717426e-07,0.9999993164659611
JPN,ARG,6.509522269308065e-07,0.9999993490477731
CAN,NOR,6.284259362380831e-07,0.9999993715740637
ALG,NOR,6.085135416359858e-07,0.9999993914864583
EGY,NOR,6.06025241020219e-07,0.999999393974759
PAN,ECU,5.780776333859543e-07,0.9999994219223666
PAN,COL,4.7676146670791135e-07,0.9999995232385332
COL,CIV,4.447451166157938e-07,0.9999995552548834
SCO,ARG,4.3778062242359824e-07,0.9999995622193776
GHA,SCO,4.3213837797029794e-07,0.999999567861622
SEN,CRO,3.9487869890765905e-07,0.999999605121301
ECU,CIV,3.6679732428323793e-07,0.9999996332026757
CAN,GHA,3.1963302034388247e-07,0.9999996803669796
ALG,GHA,3.095050794601297e-07,0.9999996904949205
EGY,GHA,3.082394676759283e-07,0.9999996917605323
GHA,JPN,2.9062316203578034e-07,0.999999709376838
MEX,TUN,2.779356724764406e-07,0.9999997220643275
NOR,SCO,2.1979627776291621e-07,0.9999997802037223
JOR,NOR,1.9259904579076603e-07,0.9999998074009542
COL,URU,1.705650023319206e-07,0.9999998294349977
KOR,USA,1.6072690156661752e-07,0.9999998392730984
NOR,JPN,1.4781812507673365e-07,0.9999998521818749
HAI,PAN,1.4241928100600257e-07,0.999999857580719
ECU,URU,1.4067109705753719e-07,0.9999998593289029
TUN,JOR,1.0797550108567433e-07,0.9999998920244989
JOR,GHA,9.796063145706055e-08,0.9999999020393685
URU,CRO,8.512850635840729e-08,0.9999999148714936
ARG,POR,7.441363700661251e-08,0.999999925586363
COL,SEN,3.6770637086354214e-08,0.9999999632293629
TUN,EGY,3.4315355210456285e-08,0.9999999656846448
TUN,ALG,3.4175034638297074e-08,0.9999999658249653
UZB,PAN,3.3624043975188577e-08,0.999999966375956
USA,SCO,3.351479749984029e-08,0.9999999664852025
TUN,CAN,3.30921589522453e-08,0.9999999669078411
CIV,CRO,3.264777987211638e-08,0.9999999673522201
ECU,SEN,3.032606728479333e-08,0.9999999696739327
KOR,NOR,2.450782762990951e-08,0.9999999754921723
USA,JPN,2.253948191007426e-08,0.999999977460518
SEN,AUT,1.612286216547e-08,0.9999999838771378
BRA,ESP,1.5916372297938484e-08,0.9999999840836277
CPV,PAN,1.5305728126534534e-08,0.9999999846942719
KOR,GHA,1.2465285391800469e-08,0.9999999875347146
CAN,CIV,1.131704643887354e-08,0.9999999886829536
MAR,NED,1.1056879108309443e-08,0.9999999889431209
ALG,CIV,1.0958452663401817e-08,0.9999999890415473
EGY,CIV,1.091364192564181e-08,0.9999999890863581
PAR,KOR,1.0001597634906028e-08,0.9999999899984023
AUT,BEL,7.334348092122393e-09,0.9999999926656519
CAN,URU,4.340219744613817e-09,0.9999999956597803
ALG,URU,4.2026948344246705e-09,0.9999999957973051
EGY,URU,4.1855093919938456e-09,0.9999999958144906
JPN,MAR,3.976183190608069e-09,0.9999999960238168
URU,AUT,3.4757883126820994e-09,0.9999999965242117
JOR,CIV,3.4684300675123832e-09,0.9999999965315699
SCO,MAR,2.6740757788960433e-09,0.9999999973259243
SUI,ARG,2.497850311182887e-09,0.9999999975021497
CIV,AUT,1.3330054861361429e-09,0.9999999986669945
JOR,URU,1.3301835130128804e-09,0.9999999986698165
BRA,GER,1.3198341950016074e-09,0.9999999986801658
NED,ESP,1.2892440448698296e-09,0.999999998710756
PAR,JOR,1.272682275195672e-09,0.9999999987273177
GHA,CRO,1.1559392025935055e-09,0.9999999988440608
TUN,ECU,1.02101447778678e-09,0.9999999989789855
NZL,KOR,9.828441357857083e-10,0.9999999990171559
CAN,SEN,9.35670401976125e-10,0.9999999990643296
ALG,SEN,9.060225970274686e-10,0.9999999990939774
EGY,SEN,9.023177362543702e-10,0.9999999990976822
MAR,BRA,8.956196308262336e-10,0.9999999991043804
RSA,KOR,8.642867970053388e-10,0.9999999991357132
TUN,COL,8.420673671056951e-10,0.9999999991579326
POR,ENG,6.203794913576352e-10,0.9999999993796205
NOR,CRO,5.879391722575737e-10,0.9999999994120609
COL,SUI,5.311348032045473e-10,0.9999999994688652
MEX,PAN,4.908964541785167e-10,0.9999999995091036
KOR,CIV,4.4135043276524647e-10,0.9999999995586496
ECU,SUI,4.3804597780410186e-10,0.9999999995619541
PAR,EGY,4.0446713120349194e-10,0.9999999995955329
PAR,ALG,4.028132051159216e-10,0.9999999995971868
PAR,CAN,3.9004960020017403e-10,0.9999999996099505
CRO,BEL,2.994606691465578e-10,0.9999999997005393
JOR,SEN,2.867627476531898e-10,0.9999999997132373
KOR,URU,1.6926305463927455e-10,0.999999999830737
AUT,POR,1.665253730068982e-10,0.9999999998334747
NZL,JOR,1.2506484930801056e-10,0.9999999998749352
RSA,JOR,1.0997867726888383e-10,0.9999999998900213
NED,GER,1.069080517497272e-10,0.999999999893092
USA,CRO,8.964964666460647e-11,0.9999999999103504
ARG,NED,6.753821105690199e-11,0.9999999999324618
GHA,AUT,4.71968770369385e-11,0.9999999999528031
PAN,USA,4.3110115417604965e-11,0.9999999999568899
NZL,EGY,3.9746464424224236e-11,0.9999999999602536
NZL,ALG,3.958393523618334e-11,0.9999999999604161
NZL,CAN,3.832967220774704e-11,0.9999999999616703
HAI,KOR,3.8199650896293426e-11,0.9999999999618003
KOR,SEN,3.648995654019886e-11,0.9999999999635101
SEN,ARG,3.6080288343552456e-11,0.9999999999639198
RSA,EGY,3.495197577602611e-11,0.9999999999650481
RSA,ALG,3.48090519631631e-11,0.999999999965191
RSA,CAN,3.3706086664942656e-11,0.999999999966294
BRA,FRA,2.4516504375539075e-11,0.9999999999754835
NOR,AUT,2.4005495047545657e-11,0.9999999999759945
SUI,MAR,1.525750063988178e-11,0.9999999999847425
BEL,ENG,1.4085631637426273e-11,0.9999999999859144
CAN,SUI,1.351532463523119e-11,0.9999999999864847
ALG,SUI,1.3087075854341434e-11,0.9999999999869129
EGY,SUI,1.3033560860157508e-11,0.9999999999869664
PAR,ECU,1.203446039324165e-11,0.9999999999879655
PAR,COL,9.925252380406483e-12,0.9999999999900747
UZB,KOR,9.0186286070188e-12,0.9999999999909813
URU,ARG,7.7782369949682e-12,0.9999999999922218
CRO,POR,6.799213598988902e-12,0.9999999999932008
PAN,NOR,6.573480379329041e-12,0.9999999999934265
ARG,BRA,5.4706709235070984e-12,0.9999999999945294
HAI,JOR,4.860825236756046e-12,0.9999999999951392
JOR,SUI,4.142154777109226e-12,0.9999999999958579
CPV,KOR,4.105296647457221e-12,0.9999999999958947
USA,AUT,3.660385715973408e-12,0.9999999999963396
PAN,GHA,3.343434154858827e-12,0.9999999999966566
COL,SCO,3.030501097405541e-12,0.9999999999969695
CIV,ARG,2.9830448899206267e-12,0.9999999999970169
ECU,SCO,2.499363265817295e-12,0.9999999999975007
COL,JPN,2.0380825488844613e-12,0.999999999997962
NED,FRA,1.9858643800173107e-12,0.9999999999980141
ECU,JPN,1.680879990357104e-12,0.9999999999983191
HAI,EGY,1.5448035031284991e-12,0.9999999999984552
HAI,ALG,1.5384865724859046e-12,0.9999999999984616
HAI,CAN,1.489737836005506e-12,0.9999999999985103
JPN,BEL,1.1910896040712944e-12,0.999999999998809
NZL,ECU,1.182610933778942e-12,0.9999999999988174
POR,ESP,1.1701246377345652e-12,0.9999999999988298
UZB,JOR,1.1476015226375814e-12,0.9999999999988524
RSA,ECU,1.039956366144623e-12,0.99999999999896
NZL,COL,9.753417770316943e-13,0.9999999999990247
RSA,COL,8.57689423646487e-13,0.9999999999991424
SCO,BEL,8.010354915535943e-13,0.999999999999199
KOR,SUI,5.270804837768103e-13,0.9999999999994729
CPV,JOR,5.223903642970867e-13,0.9999999999994776
UZB,EGY,3.6471561227014323e-13,0.9999999999996353
UZB,ALG,3.632242360385921e-13,0.9999999999996367
UZB,CAN,3.517150536494687e-13,0.9999999999996483
SEN,MAR,2.2038751428674078e-13,0.9999999999997796
CPV,EGY,1.660192303689739e-13,0.999999999999834
CPV,ALG,1.6534035311276926e-13,0.9999999999998347
CPV,CAN,1.6010135171514417e-13,0.9999999999998399
AUT,NED,1.5113929928170842e-13,0.9999999999998489
MEX,KOR,1.316680605508725e-13,0.9999999999998683
PAN,CIV,1.1837884549371224e-13,0.9999999999998817
GHA,ARG,1.0561877212727947e-13,0.9999999999998944
POR,GER,9.703030677129648e-14,0.999999999999903
CAN,SCO,7.711452134310007e-14,0.9999999999999228
TUN,USA,7.61420681937827e-14,0.9999999999999238
ALG,SCO,7.467105804156632e-14,0.9999999999999253
EGY,SCO,7.436571701035841e-14,0.9999999999999256
NOR,ARG,5.3720310968589153e-14,0.9999999999999463
CAN,JPN,5.1861311104408174e-14,0.9999999999999482
ALG,JPN,5.0218025141583463e-14,0.9999999999999498
EGY,JPN,5.001267618866778e-14,0.99999999999995
URU,MAR,4.751143617488068e-14,0.9999999999999525
HAI,ECU,4.5963874768156945e-14,0.999999999999954
PAN,URU,4.539967223311593e-14,0.9999999999999546
HAI,COL,3.7908060897403775e-14,0.9999999999999621
JPN,POR,2.7043526798812285e-14,0.9999999999999729
BEL,ESP,2.6567520101225293e-14,0.9999999999999735
JOR,SCO,2.363393344841926e-14,0.9999999999999764
CIV,MAR,1.8221191638320897e-14,0.9999999999999818
SCO,POR,1.818740144198616e-14,0.9999999999999818
MEX,JOR,1.675448378616575e-14,0.9999999999999832
JOR,JPN,1.5894370526349618e-14,0.9999999999999841
AUT,BRA,1.2242452931302003e-14,0.9999999999999878
TUN,NOR,1.1610230834378795e-14,0.9999999999999883
UZB,ECU,1.085169906360765e-14,0.9999999999999891
PAN,SEN,9.787322283863458e-15,0.9999999999999902
UZB,COL,8.949786566482486e-15,0.999999999999991
USA,ARG,8.191335297756589e-15,0.9999999999999918
COL,CRO,8.10636983619452e-15,0.9999999999999919
ECU,CRO,6.68561479982598e-15,0.9999999999999933
CRO,NED,6.171001813707288e-15,0.9999999999999938
TUN,GHA,5.905249590369059e-15,0.9999999999999941
MEX,EGY,5.324689530118948e-15,0.9999999999999947
MEX,ALG,5.302916084896293e-15,0.9999999999999947
MEX,CAN,5.134887020864241e-15,0.9999999999999949
CPV,ECU,4.939713755387799e-15,0.9999999999999951
SUI,BEL,4.570476120727863e-15,0.9999999999999954
MAR,ENG,4.219435709926937e-15,0.9999999999999958
CPV,COL,4.073959621539765e-15,0.9999999999999959
KOR,SCO,3.007368325379335e-15,0.999999999999997
BEL,GER,2.2030598642574105e-15,0.9999999999999978
KOR,JPN,2.022525221081363e-15,0.999999999999998
POR,FRA,1.802380894847447e-15,0.9999999999999982
PAR,USA,8.974688635163991e-16,0.9999999999999991
GHA,MAR,6.451461371005367e-16,0.9999999999999993
CRO,BRA,4.998580753141313e-16,0.9999999999999994
COL,AUT,3.3098223426649016e-16,0.9999999999999997
NOR,MAR,3.281372279490059e-16,0.9999999999999997
ECU,AUT,2.7297295443040016e-16,0.9999999999999998
TUN,CIV,2.09083414381574e-16,0.9999999999999998
CAN,CRO,2.0627573119231514e-16,0.9999999999999998
ALG,CRO,1.9973964472783503e-16,0.9999999999999998
EGY,CRO,1.989228796960573e-16,0.9999999999999998
MEX,ECU,1.5843009304787997e-16,0.9999999999999999
PAN,SUI,1.41373327161675e-16,0.9999999999999999
PAR,NOR,1.3684709279991927e-16,0.9999999999999999
MEX,COL,1.306629966584318e-16,0.9999999999999999
SUI,POR,1.0377203615211296e-16,0.9999999999999999
NZL,USA,8.81931101210964e-17,0.9999999999999999
TUN,URU,8.018593560965065e-17,0.9999999999999999
RSA,USA,7.755465783445845e-17,0.9999999999999999
PAR,GHA,6.960380462953592e-17,0.9999999999999999
SEN,BEL,6.60184059705067e-17,0.9999999999999999
JOR,CRO,6.321905158864323e-17,0.9999999999999999
USA,MAR,5.003474494736609e-17,1.0
BEL,FRA,4.0922812074598535e-17,1.0
ARG,ENG,2.5773379051621022e-17,1.0
JPN,NED,2.4544846325787e-17,1.0
TUN,SEN,1.728659163914144e-17,1.0
SCO,NED,1.6506980645680753e-17,1.0
URU,BEL,1.4232336581252824e-17,1.0
NZL,NOR,1.3447787678970146e-17,1.0
RSA,NOR,1.1825624140490512e-17,1.0
CAN,AUT,8.422216573459093e-18,1.0
ALG,AUT,8.155348845352991e-18,1.0
EGY,AUT,8.122000414359688e-18,1.0
KOR,CRO,8.044491354904758e-18,1.0
MAR,ESP,7.958460502394527e-18,1.0
NZL,GHA,6.839876296641871e-18,1.0
RSA,GHA,6.014803935224822e-18,1.0
CIV,BEL,5.458267591691768e-18,1.0
HAI,USA,3.427752063869822e-18,1.0
JOR,AUT,2.581227277540582e-18,1.0
PAR,CIV,2.4644176174409216e-18,1.0
JPN,BRA,1.988160109763161e-18,1.0
SEN,POR,1.4989388917286888e-18,1.0
SCO,BRA,1.3370839652760685e-18,1.0
PAR,URU,9.45132989012549e-19,1.0
UZB,USA,8.092645376264788e-19,1.0
PAN,SCO,8.06635189967166e-19,1.0
COL,ARG,7.406832691528417e-19,1.0
MAR,GER,6.599398380917884e-19,1.0
ECU,ARG,6.108681353423542e-19,1.0
PAN,JPN,5.424809465979045e-19,1.0
HAI,NOR,5.226676087029881e-19,1.0
CPV,USA,3.6837873450316925e-19,1.0
KOR,AUT,3.2845574233432346e-19,1.0
URU,POR,3.231432584322498e-19,1.0
HAI,GHA,2.6584162935444706e-19,1.0
TUN,SUI,2.4969679187328257e-19,1.0
NZL,CIV,2.421751474115242e-19,1.0
RSA,CIV,2.1296233535387806e-19,1.0
PAR,SEN,2.0375303850385871e-19,1.0
GHA,BEL,1.9325740719586893e-19,1.0
CIV,POR,1.2392922025872846e-19,1.0
UZB,NOR,1.2339759492751561e-19,1.0
NOR,BEL,9.82954810252276e-20,1.0
SUI,NED,9.418404260717315e-20,1.0
NZL,URU,9.287700238699252e-20,1.0
RSA,URU,8.167354718438903e-20,1.0
UZB,GHA,6.276305848635854e-20,1.0
AUT,ENG,5.767654174966883e-20,1.0
CPV,NOR,5.617081652120272e-20,1.0
ARG,ESP,4.8612286878313246e-20,1.0
CPV,GHA,2.856986187305863e-20,1.0
NZL,SEN,2.0022548851301254e-20,1.0
CAN,ARG,1.8847521888803858e-20,1.0
ALG,ARG,1.8250316235989803e-20,1.0
EGY,ARG,1.8175687986095904e-20,1.0
RSA,SEN,1.7607292939371416e-20,1.0
USA,BEL,1.4988208906733082e-20,1.0
MAR,FRA,1.2258674588434e-20,1.0
MEX,USA,1.1814910756830945e-20,1.0
HAI,CIV,9.41248539957387e-21,1.0
SUI,BRA,7.629013194964935e-21,1.0
JOR,ARG,5.776357944384082e-21,1.0
COL,MAR,4.524280488065635e-21,1.0
GHA,POR,4.387883038102266e-21,1.0
ARG,GER,4.031079217154257e-21,1.0
ECU,MAR,3.731336862342662e-21,1.0
HAI,URU,3.60979827314084e-21,1.0
PAR,SUI,2.94311805999102e-21,1.0
CRO,ENG,2.354927179344127e-21,1.0
NOR,POR,2.23178547291364e-21,1.0
UZB,CIV,2.2222116719266508e-21,1.0
PAN,CRO,2.157690415733935e-21,1.0
MEX,NOR,1.8015512899554356e-21,1.0
TUN,SCO,1.424697453123949e-21,1.0
SEN,NED,1.3604447756732887e-21,1.0
CPV,CIV,1.011554918622109e-21,1.0
TUN,JPN,9.581422092653349e-22,1.0
MEX,GHA,9.163133936610783e-22,1.0
UZB,URU,8.522441751928145e-22,1.0
HAI,SEN,7.7820515746347275e-22,1.0
KOR,ARG,7.350293998206873e-22,1.0
CPV,URU,3.8794314608918833e-22,1.0
USA,POR,3.4030523635625125e-22,1.0
URU,NED,2.932865109805775e-22,1.0
NZL,SUI,2.892164237845276e-22,1.0
RSA,SUI,2.54329173287079e-22,1.0
UZB,SEN,1.8372794332803302e-22,1.0
CAN,MAR,1.1512542416063392e-22,1.0
CIV,NED,1.1247880829872376e-22,1.0
ALG,MAR,1.1147754119241178e-22,1.0
EGY,MAR,1.1102169299262854e-22,1.0
SEN,BRA,1.101975542494092e-22,1.0
AUT,ESP,1.0878622426916843e-22,1.0
PAN,AUT,8.809827445403791e-23,1.0
CPV,SEN,8.363330420304428e-23,1.0
ARG,FRA,7.487908065404637e-23,1.0
JOR,MAR,3.5283453303529695e-23,1.0
MEX,CIV,3.2443325224167367e-23,1.0
URU,BRA,2.3756536672653342e-23,1.0
PAR,SCO,1.6792577801480992e-23,1.0
MEX,URU,1.2442394797706644e-23,1.0
PAR,JPN,1.1293399562616618e-23,1.0
HAI,SUI,1.1240812260404861e-23,1.0
JPN,ENG,9.366603263189638e-24,1.0
CIV,BRA,9.110909756166497e-24,1.0
AUT,GER,9.020885786793969e-24,1.0
SCO,ENG,6.2992587824354665e-24,1.0
KOR,MAR,4.4897452261435285e-24,1.0
CRO,ESP,4.4417301817711635e-24,1.0
GHA,NED,3.982465588418556e-24,1.0
TUN,CRO,3.810961979046837e-24,1.0
MEX,SEN,2.6823481729762056e-24,1.0
UZB,SUI,2.6538648557307475e-24,1.0
NOR,NED,2.0255801646105445e-24,1.0
NZL,SCO,1.6501850074891532e-24,1.0
RSA,SCO,1.4511284775380659e-24,1.0
COL,BEL,1.3552754426772238e-24,1.0
CPV,SUI,1.2080442570285535e-24,1.0
ECU,BEL,1.117744408470886e-24,1.0
NZL,JPN,1.1097878397306527e-24,1.0
RSA,JPN,9.759176885923793e-25,1.0
CRO,GER,3.683218250720116e-25,1.0
GHA,BRA,3.2258418391806227e-25,1.0
USA,NED,3.0886281187967886e-25,1.0
PAN,ARG,1.9714930643921727e-25,1.0
AUT,FRA,1.6756694622268768e-25,1.0
NOR,BRA,1.6407426752455151e-25,1.0
TUN,AUT,1.556011798151186e-25,1.0
HAI,SCO,6.413681360620126e-26,1.0
PAR,CRO,4.491892323616186e-26,1.0
HAI,JPN,4.313350048400648e-26,1.0
MEX,SUI,3.8745274225300355e-26,1.0
SUI,ENG,3.5941743089991017e-26,1.0
CAN,BEL,3.4486513513978587e-26,1.0
ALG,BEL,3.339376822163164e-26,1.0
EGY,BEL,3.325721615055991e-26,1.0
COL,POR,3.0771343842219396e-26,1.0
ECU,POR,2.5378234149091337e-26,1.0
USA,BRA,2.501823453354913e-26,1.0
JPN,ESP,1.7666756229113263e-26,1.0
UZB,SCO,1.5142182935267656e-26,1.0
SCO,ESP,1.1881304909191847e-26,1.0
JOR,BEL,1.0569370736686366e-26,1.0
UZB,JPN,1.0183470588007766e-26,1.0
CPV,SCO,6.89275005632832e-27,1.0
CRO,FRA,6.841740923583871e-27,1.0
CPV,JPN,4.6355349006928104e-27,1.0
NZL,CRO,4.4141247730490296e-27,1.0
RSA,CRO,3.881663045360017e-27,1.0
PAR,AUT,1.8340349470816855e-27,1.0
JPN,GER,1.464981354363719e-27,1.0
KOR,BEL,1.344930197170681e-27,1.0
PAN,MAR,1.2042377592500634e-27,1.0
SCO,GER,9.852340708020182e-28,1.0
CAN,POR,7.830115796695165e-28,1.0
ALG,POR,7.5820094703799875e-28,1.0
EGY,POR,7.551005509126064e-28,1.0
SEN,ENG,5.191617949476909e-28,1.0
TUN,ARG,3.482095974272346e-28,1.0
JOR,POR,2.3997611916585955e-28,1.0
MEX,SCO,2.2106929406360713e-28,1.0
NZL,AUT,1.802282537359146e-28,1.0
HAI,CRO,1.7156130768290473e-28,1.0
RSA,AUT,1.584878969728871e-28,1.0
MEX,JPN,1.4867424753963464e-28,1.0
URU,ENG,1.1192159666993303e-28,1.0
SUI,ESP,6.779127884232151e-29,1.0
CIV,ENG,4.2923241761903445e-29,1.0
UZB,CRO,4.050423710630276e-29,1.0
KOR,POR,3.053645645579685e-29,1.0
COL,NED,2.79282325661158e-29,1.0
JPN,FRA,2.7212677072497736e-29,1.0
ECU,NED,2.3033418009541e-29,1.0
CPV,CRO,1.8437604656443086e-29,1.0
SCO,FRA,1.8301158939461297e-29,1.0
HAI,AUT,7.004830285071828e-30,1.0
SUI,GER,5.621459774761236e-30,1.0
PAR,ARG,4.1042656061451765e-30,1.0
COL,BRA,2.2622181938782016e-30,1.0
TUN,MAR,2.1269521710664732e-30,1.0
ECU,BRA,1.865732719212756e-30,1.0
UZB,AUT,1.653783773205813e-30,1.0
GHA,ENG,1.5197559064296014e-30,1.0
SEN,ESP,9.792135544861757e-31,1.0
NOR,ENG,7.729853154452481e-31,1.0
CPV,AUT,7.528054735998168e-31,1.0
CAN,NED,7.106654038608411e-31,1.0
ALG,NED,6.881471439564924e-31,1.0
EGY,NED,6.8533320822195565e-31,1.0
MEX,CRO,5.913442693140273e-31,1.0
NZL,ARG,4.033208986780303e-31,1.0
PAN,BEL,3.6073666665040345e-31,1.0
RSA,ARG,3.5466959098632965e-31,1.0
JOR,NED,2.178035805242413e-31,1.0
URU,ESP,2.1110017255791124e-31,1.0
USA,ENG,1.1786569706858445e-31,1.0
SUI,FRA,1.0442110342971119e-31,1.0
SEN,GER,8.119937699137381e-32,1.0
CIV,ESP,8.095938596555926e-32,1.0
CAN,BRA,5.756469560212526e-32,1.0
ALG,BRA,5.574069126781785e-32,1.0
EGY,BRA,5.551275931401594e-32,1.0
KOR,NED,2.771504754603638e-32,1.0
PAR,MAR,2.506989096832109e-32,1.0
MEX,AUT,2.4144524791398264e-32,1.0
JOR,BRA,1.7642334558311828e-32,1.0
URU,GER,1.7505070692642147e-32,1.0
HAI,ARG,1.567564678178607e-32,1.0
PAN,POR,8.190476752141234e-33,1.0
CIV,GER,6.713399413120962e-33,1.0
UZB,ARG,3.7008934160005184e-33,1.0
GHA,ESP,2.86647745956777e-33,1.0
NZL,MAR,2.463585918992332e-33,1.0
KOR,BRA,2.2449499679013746e-33,1.0
RSA,MAR,2.1664114433757566e-33,1.0
CPV,ARG,1.684653620330346e-33,1.0
SEN,FRA,1.5083143672596337e-33,1.0
NOR,ESP,1.457961093572031e-33,1.0
TUN,BEL,6.3714132065844135e-34,1.0
URU,FRA,3.2516443603270808e-34,1.0
GHA,GER,2.3769706088152553e-34,1.0
USA,ESP,2.2231159785197123e-34,1.0
CIV,FRA,1.2470436551549127e-34,1.0
NOR,GER,1.208985843111941e-34,1.0
HAI,MAR,9.575080986203479e-35,1.0
MEX,ARG,5.40314364433099e-35,1.0
UZB,MAR,2.2605991748095906e-35,1.0
USA,GER,1.8434756300947162e-35,1.0
TUN,POR,1.44662066740747e-35,1.0
COL,ENG,1.065774341451346e-35,1.0
CPV,MAR,1.0290289818922422e-35,1.0
ECU,ENG,8.789824365855412e-36,1.0
PAR,BEL,7.509836684437722e-36,1.0
PAN,NED,7.43371952599981e-36,1.0
GHA,FRA,4.415328112937126e-36,1.0
NOR,FRA,2.2457447144858488e-36,1.0
NZL,BEL,7.379819853660829e-37,1.0
RSA,BEL,6.489615831040946e-37,1.0
PAN,BRA,6.021396277080444e-37,1.0
USA,FRA,3.424337576949854e-37,1.0
MEX,MAR,3.30037660931941e-37,1.0
CAN,ENG,2.711983119586939e-37,1.0
ALG,ENG,2.6260507801044004e-37,1.0
EGY,ENG,2.6153124689804774e-37,1.0
PAR,POR,1.7050981633612034e-37,1.0
JOR,ENG,8.311641886017703e-38,1.0
HAI,BEL,2.868273122428643e-38,1.0
COL,ESP,2.010203160804389e-38,1.0
NZL,POR,1.6755780194913479e-38,1.0
ECU,ESP,1.6578868561515857e-38,1.0
RSA,POR,1.4734584118664095e-38,1.0
TUN,NED,1.3129604817217244e-38,1.0
KOR,ENG,1.057638949286999e-38,1.0
UZB,BEL,6.771760847802211e-39,1.0
CPV,BEL,3.0825182316624516e-39,1.0
COL,GER,1.6669218224727013e-39,1.0
ECU,GER,1.3747703881849874e-39,1.0
TUN,BRA,1.0635127312702203e-39,1.0
HAI,POR,6.512374953780451e-40,1.0
CAN,ESP,5.115188860352843e-40,1.0
ALG,ESP,4.953108151778194e-40,1.0
EGY,ESP,4.932854157922782e-40,1.0
JOR,ESP,1.567694786871512e-40,1.0
PAR,NED,1.5475560085572666e-40,1.0
UZB,POR,1.5375190526095138e-40,1.0
MEX,BEL,9.886476716012193e-41,1.0
CPV,POR,6.998815548448374e-41,1.0
CAN,GER,4.2416707443537544e-41,1.0
ALG,GER,4.107268473283396e-41,1.0
EGY,GER,4.0904732433244977e-41,1.0
COL,FRA,3.0963810648463673e-41,1.0
ECU,FRA,2.5536968447464894e-41,1.0
KOR,ESP,1.9948586451718553e-41,1.0
NZL,NED,1.5207633716282063e-41,1.0
RSA,NED,1.337318558919863e-41,1.0
JOR,GER,1.2999803712213282e-41,1.0
PAR,BRA,1.2535377418946624e-41,1.0
PAN,ENG,2.836795172627111e-42,1.0
MEX,POR,2.244711036861597e-42,1.0
KOR,GER,1.6541976817182374e-42,1.0
NZL,BRA,1.2318354051716504e-42,1.0
RSA,BRA,1.0832430472775176e-42,1.0
CAN,FRA,7.879091148166329e-43,1.0
ALG,FRA,7.629432980875999e-43,1.0
EGY,FRA,7.598235097854124e-43,1.0
HAI,NED,5.910665559473618e-43,1.0
JOR,FRA,2.4147710779565662e-43,1.0
UZB,NED,1.3954603314138246e-43,1.0
CPV,NED,6.352161586658589e-44,1.0
HAI,BRA,4.787705464323963e-44,1.0
KOR,FRA,3.0727454102120223e-44,1.0
UZB,BRA,1.1303385357760432e-44,1.0
PAN,ESP,5.350602281158389e-45,1.0
CPV,BRA,5.145322203177223e-45,1.0
TUN,ENG,5.010412275269975e-45,1.0
MEX,NED,2.0373114740339393e-45,1.0
PAN,GER,4.436882738890012e-46,1.0
MEX,BRA,1.6502451675900837e-46,1.0
PAR,ENG,5.905656514334095e-47,1.0
TUN,ESP,9.450355671881796e-48,1.0
PAN,FRA,8.241706068292892e-48,1.0
NZL,ENG,5.803412647268065e-48,1.0
RSA,ENG,5.1033655748509994e-48,1.0
TUN,GER,7.836523395617794e-49,1.0
HAI,ENG,2.255579789832457e-49,1.0
PAR,ESP,1.1138914618241804e-49,1.0
UZB,ENG,5.3252414459569535e-50,1.0
CPV,ENG,2.4240598884253514e-50,1.0
TUN,FRA,1.4556689059611982e-50,1.0
NZL,ESP,1.0946068030783983e-50,1.0
RSA,ESP,9.62567891748604e-51,1.0
PAR,GER,9.236728017270413e-51,1.0
NZL,GER,9.07681374030042e-52,1.0
RSA,GER,7.981906782621962e-52,1.0
MEX,ENG,7.77462121682616e-52,1.0
HAI,ESP,4.2543467661204675e-52,1.0
PAR,FRA,1.715763111876857e-52,1.0
UZB,ESP,1.0044168610900772e-52,1.0
CPV,ESP,4.572124379590563e-53,1.0
HAI,GER,3.527834202576133e-53,1.0
NZL,FRA,1.6860583271333482e-53,1.0
RSA,FRA,1.4826745135784274e-53,1.0
UZB,GER,8.328931210816581e-54,1.0
CPV,GER,3.791345099840131e-54,1.0
MEX,ESP,1.466404991776984e-54,1.0
HAI,FRA,6.553108176705157e-55,1.0
UZB,FRA,1.547135837079912e-55,1.0
MEX,GER,1.2159877812538257e-55,1.0
CPV,FRA,7.042591331625348e-56,1.0
MEX,FRA,2.2587511244970216e-57,1.0
