team_A,team_B,P_team_A_wins,P_team_B_wins,P_team_A_wins_pct,P_team_B_wins_pct
ALG,ARG,0.0001628723699945073,0.9998371276300055,0.0,100.0
ALG,AUT,0.0005316278464104875,0.9994683721535895,0.1,99.9
ALG,BEL,1.4361987501809023e-05,0.9999856380124982,0.0,100.0
ALG,BRA,1.044182546116726e-06,0.9999989558174539,0.0,100.0
ALG,CAN,0.47764615848665015,0.5223538415133498,47.8,52.2
ALG,CIV,0.027934571925630237,0.9720654280743698,2.8,97.2
ALG,COL,0.35375819037569983,0.6462418096243001,35.4,64.6
ALG,CPV,0.9969040236150691,0.0030959763849308652,99.7,0.3
ALG,CRO,0.0009650770967138154,0.9990349229032862,0.1,99.9
ALG,ECU,0.33056144686564737,0.6694385531343526,33.1,66.9
ALG,EGY,0.47941388499866633,0.5205861150013337,47.9,52.1
ALG,ENG,9.57175298267643e-08,0.9999999042824702,0.0,100.0
ALG,ESP,2.7933182063318043e-08,0.9999999720668179,0.0,100.0
ALG,FRA,8.473139820271397e-09,0.9999999915268601,0.0,100.0
ALG,GER,1.8583703892683183e-08,0.9999999814162961,0.0,100.0
ALG,GHA,0.05294947311216758,0.9470505268878324,5.3,94.7
ALG,HAI,0.9952232971302776,0.004776702869722427,99.5,0.5
ALG,JOR,0.5352747466988566,0.46472525330114345,53.5,46.5
ALG,JPN,0.0026850471340308804,0.9973149528659692,0.3,99.7
ALG,KOR,0.6533749065316372,0.3466250934683628,65.3,34.7
ALG,MAR,6.0675943126263106e-05,0.9999393240568737,0.0,100.0
ALG,MEX,0.9985381717487293,0.0014618282512707248,99.9,0.1
ALG,NED,1.6569162939825412e-06,0.999998343083706,0.0,100.0
ALG,NOR,0.0617922900784468,0.9382077099215532,6.2,93.8
ALG,NZL,0.991034629549644,0.008965370450355947,99.1,0.9
ALG,PAN,0.8955484533966208,0.10445154660337919,89.6,10.4
ALG,PAR,0.9859720686429,0.01402793135710001,98.6,1.4
ALG,POR,6.1114463491540236e-06,0.9999938885536509,0.0,100.0
ALG,RSA,0.9912548140896383,0.008745185910361664,99.1,0.9
ALG,SCO,0.003159732331642768,0.9968402676683572,0.3,99.7
ALG,SEN,0.01797705349473627,0.9820229465052638,1.8,98.2
ALG,SUI,0.00805738718666057,0.9919426128133394,0.8,99.2
ALG,TUN,0.9687522629198341,0.031247737080165927,96.9,3.1
ALG,URU,0.02371790221511723,0.9762820977848827,2.4,97.6
ALG,USA,0.08111849046341824,0.9188815095365818,8.1,91.9
ALG,UZB,0.9963918669505681,0.003608133049431861,99.6,0.4
ARG,ALG,0.9998371276300055,0.0001628723699944601,100.0,0.0
ARG,AUT,0.7655488367961972,0.23445116320380277,76.6,23.4
ARG,BEL,0.08102281965061776,0.9189771803493822,8.1,91.9
ARG,BRA,0.0063691837574905005,0.9936308162425095,0.6,99.4
ARG,CAN,0.9998218854906198,0.00017811450938021167,100.0,0.0
ARG,CIV,0.9943634058383679,0.005636594161632091,99.4,0.6
ARG,COL,0.9997025064969818,0.0002974935030182202,100.0,0.0
ARG,CPV,0.9999994941028566,5.058971433991033e-07,100.0,0.0
ARG,CRO,0.8557022693771896,0.14429773062281037,85.6,14.4
ARG,ECU,0.9996702130796491,0.0003297869203509052,100.0,0.0
ARG,EGY,0.9998231425684242,0.00017685743157580536,100.0,0.0
ARG,ENG,0.000587243550866905,0.9994127564491331,0.1,99.9
ARG,ESP,0.00017144617618964405,0.9998285538238103,0.0,100.0
ARG,FRA,5.2012009272803475e-05,0.9999479879907271,0.0,100.0
ARG,GER,0.00011406819954965796,0.9998859318004504,0.0,100.0
ARG,GHA,0.9970948661709025,0.002905133829097517,99.7,0.3
ARG,HAI,0.999999218146274,7.818537259840497e-07,100.0,0.0
ARG,JOR,0.9998585912585372,0.0001414087414628451,100.0,0.0
ARG,JPN,0.9429460869915937,0.05705391300840634,94.3,5.7
ARG,KOR,0.9999135871806751,8.641281932486589e-05,100.0,0.0
ARG,MAR,0.27140184627942177,0.7285981537205782,27.1,72.9
ARG,MEX,0.999999761521225,2.3847877494986847e-07,100.0,0.0
ARG,NED,0.01006903937925322,0.9899309606207468,1.0,99.0
ARG,NOR,0.9975327677478553,0.0024672322521447354,99.8,0.2
ARG,NZL,0.9999985263412557,1.4736587442554239e-06,100.0,0.0
ARG,PAN,0.9999810007834996,1.8999216500392713e-05,100.0,0.0
ARG,PAR,0.9999976823589753,2.3176410246517065e-06,100.0,0.0
ARG,POR,0.03616040330203176,0.9638395966979683,3.6,96.4
ARG,RSA,0.9999985628527471,1.4371472528695861e-06,100.0,0.0
ARG,SCO,0.9511202620394228,0.04887973796057721,95.1,4.9
ARG,SEN,0.991179894790997,0.008820105209003004,99.1,0.9
ARG,SUI,0.9803398366912125,0.019660163308787504,98.0,2.0
ARG,TUN,0.9999947456171195,5.2543828804596515e-06,100.0,0.0
ARG,URU,0.9933393768976795,0.006660623102320518,99.3,0.7
ARG,USA,0.9981581376934545,0.001841862306545483,99.8,0.2
ARG,UZB,0.9999994101110379,5.898889621214209e-07,100.0,0.0
AUT,ALG,0.9994683721535895,0.0005316278464104762,99.9,0.1
AUT,ARG,0.23445116320379247,0.7655488367962076,23.4,76.6
AUT,BEL,0.026291247304065568,0.9737087526959345,2.6,97.4
AUT,BRA,0.0019592348538555048,0.9980407651461445,0.2,99.8
AUT,CAN,0.999418640712933,0.0005813592870670403,99.9,0.1
AUT,CIV,0.9818269800016592,0.018173019998340756,98.2,1.8
AUT,COL,0.999029254425031,0.0009707455749690119,99.9,0.1
AUT,CPV,0.999998348105761,1.6518942389520674e-06,100.0,0.0
AUT,CRO,0.6449005109516426,0.3550994890483574,64.5,35.5
AUT,ECU,0.9989239570326844,0.0010760429673155603,99.9,0.1
AUT,EGY,0.999422742126056,0.0005772578739440259,99.9,0.1
AUT,ENG,0.00017991804110436443,0.9998200819588956,0.0,100.0
AUT,ESP,5.2512047526133116e-05,0.9999474879524739,0.0,100.0
AUT,FRA,1.592937708595435e-05,0.9999840706229141,0.0,100.0
AUT,GER,3.4936423751636244e-05,0.9999650635762484,0.0,100.0
AUT,GHA,0.9905759420347968,0.00942405796520318,99.1,0.9
AUT,HAI,0.999997447032712,2.552967288016461e-06,100.0,0.0
AUT,JOR,0.9995384086404429,0.00046159135955714525,100.0,0.0
AUT,JPN,0.8350248657557424,0.16497513424425758,83.5,16.5
AUT,KOR,0.999717893118972,0.0002821068810280325,100.0,0.0
AUT,MAR,0.10239727187059965,0.8976027281294003,10.2,89.8
AUT,MEX,0.9999992213003017,7.786996982783734e-07,100.0,0.0
AUT,NED,0.003105359495993602,0.9968946405040064,0.3,99.7
AUT,NOR,0.9919885700397272,0.00801142996027282,99.2,0.8
AUT,NZL,0.9999951881067425,4.811893257516964e-06,100.0,0.0
AUT,PAN,0.9999379648966902,6.203510330982098e-05,100.0,0.0
AUT,PAR,0.9999924322914366,7.567708563360753e-06,100.0,0.0
AUT,POR,0.011359168334089112,0.9886408316659109,1.1,98.9
AUT,RSA,0.9999953073262215,4.692673778450285e-06,100.0,0.0
AUT,SCO,0.8563047825001766,0.1436952174998234,85.6,14.4
AUT,SEN,0.9717640364256748,0.02823596357432523,97.2,2.8
AUT,SUI,0.9385411674495796,0.061458832550420395,93.9,6.1
AUT,TUN,0.9999828431696836,1.7156830316444882e-05,100.0,0.0
AUT,URU,0.9785744688235266,0.02142553117647339,97.9,2.1
AUT,USA,0.9940107917104951,0.005989208289504888,99.4,0.6
AUT,UZB,0.9999980738495845,1.9261504154988174e-06,100.0,0.0
BEL,ALG,0.9999856380124983,1.4361987501709805e-05,100.0,0.0
BEL,ARG,0.9189771803493779,0.08102281965062208,91.9,8.1
BEL,AUT,0.9737087526959329,0.026291247304067067,97.4,2.6
BEL,BRA,0.06777606498852683,0.9322239350114732,6.8,93.2
BEL,CAN,0.9999842937515037,1.5706248496338837e-05,100.0,0.0
BEL,CIV,0.9995004749595384,0.0004995250404615792,100.0,0.0
BEL,COL,0.9999737639810546,2.6236018945358097e-05,100.0,0.0
BEL,CPV,0.999999955396899,4.4603100990414646e-08,100.0,0.0
BEL,CRO,0.9853502546393699,0.014649745360630129,98.5,1.5
BEL,ECU,0.9999709151606454,2.908483935459838e-05,100.0,0.0
BEL,EGY,0.9999844046192874,1.5595380712607465e-05,100.0,0.0
BEL,ENG,0.006620426487154981,0.993379573512845,0.7,99.3
BEL,ESP,0.0019411352611613314,0.9980588647388386,0.2,99.8
BEL,FRA,0.0005896135471189601,0.999410386452881,0.1,99.9
BEL,GER,0.001292260051269533,0.9987077399487305,0.1,99.9
BEL,GHA,0.9997431847901427,0.00025681520985731954,100.0,0.0
BEL,HAI,0.9999999310667992,6.893320081413634e-08,100.0,0.0
BEL,JOR,0.9999875309064085,1.246909359153836e-05,100.0,0.0
BEL,JPN,0.9946937149976253,0.005306285002374733,99.5,0.5
BEL,KOR,0.9999923807009153,7.6192990846601916e-06,100.0,0.0
BEL,MAR,0.8086107983262018,0.19138920167379825,80.9,19.1
BEL,MEX,0.9999999789742038,2.1025796215212722e-08,100.0,0.0
BEL,NED,0.10343388294512786,0.8965661170548721,10.3,89.7
BEL,NOR,0.9997819827815172,0.0002180172184828022,100.0,0.0
BEL,NZL,0.9999998700727835,1.2992721654114803e-07,100.0,0.0
BEL,PAN,0.9999983248803195,1.6751196805220303e-06,100.0,0.0
BEL,PAR,0.9999997956617295,2.0433827052634967e-07,100.0,0.0
BEL,POR,0.2985044434704085,0.7014955565295915,29.9,70.1
BEL,RSA,0.9999998732918752,1.2670812477022508e-07,100.0,0.0
BEL,SCO,0.9954894166943724,0.004510583305627591,99.5,0.5
BEL,SEN,0.9992160591197738,0.0007839408802261527,99.9,0.1
BEL,SUI,0.998234995216851,0.0017650047831490046,99.8,0.2
BEL,TUN,0.9999995367382725,4.6326172753463624e-07,100.0,0.0
BEL,URU,0.9994091691511741,0.0005908308488259406,99.9,0.1
BEL,USA,0.9998373366229586,0.00016266337704140543,100.0,0.0
BEL,UZB,0.9999999479916435,5.200835651031355e-08,100.0,0.0
BRA,ALG,0.9999989558174539,1.0441825460949516e-06,100.0,0.0
BRA,ARG,0.993630816242509,0.006369183757490959,99.4,0.6
BRA,AUT,0.9980407651461444,0.0019592348538556292,99.8,0.2
BRA,BEL,0.9322239350114696,0.0677760649885304,93.2,6.8
BRA,CAN,0.9999988580820734,1.1419179265503843e-06,100.0,0.0
BRA,CIV,0.999963665885535,3.633411446501977e-05,100.0,0.0
BRA,COL,0.9999980924997528,1.907500247200211e-06,100.0,0.0
BRA,CPV,0.9999999967571924,3.2428075780188692e-09,100.0,0.0
BRA,CRO,0.9989202421807377,0.0010797578192622836,99.9,0.1
BRA,ECU,0.9999978853695394,2.114630460625655e-06,100.0,0.0
BRA,EGY,0.9999988661427979,1.1338572021291071e-06,100.0,0.0
BRA,ENG,0.08397003271185602,0.916029967288144,8.4,91.6
BRA,ESP,0.026054234334626454,0.9739457656653735,2.6,97.4
BRA,FRA,0.008049290217490788,0.9919507097825092,0.8,99.2
BRA,GER,0.01748614539308945,0.9825138546069105,1.7,98.3
BRA,GHA,0.999981324154208,1.8675845791960022e-05,100.0,0.0
BRA,HAI,0.9999999949883056,5.011694392820232e-09,100.0,0.0
BRA,JOR,0.9999990934411384,9.065588616463671e-07,100.0,0.0
BRA,JPN,0.99961230616611,0.00038769383389003487,100.0,0.0
BRA,KOR,0.9999994460453769,5.539546230615144e-07,100.0,0.0
BRA,MAR,0.9830829681307679,0.016917031869232102,98.3,1.7
BRA,MEX,0.9999999984713481,1.5286518717516628e-09,100.0,0.0
BRA,NED,0.6134231972028877,0.38657680279711226,61.3,38.7
BRA,NOR,0.9999841461514756,1.5853848524427505e-05,100.0,0.0
BRA,NZL,0.9999999905538185,9.446181503669493e-09,100.0,0.0
BRA,PAN,0.9999998782125277,1.217874723291601e-07,100.0,0.0
BRA,PAR,0.999999985143863,1.4856136987262403e-08,100.0,0.0
BRA,POR,0.8540759949472374,0.1459240050527626,85.4,14.6
BRA,RSA,0.9999999907878582,9.212141827141807e-09,100.0,0.0
BRA,SCO,0.9996706868147358,0.0003293131852641906,100.0,0.0
BRA,SEN,0.9999429631888563,5.703681114366255e-05,100.0,0.0
BRA,SUI,0.9998714673764183,0.0001285326235817008,100.0,0.0
BRA,TUN,0.9999999663191759,3.368082412968931e-08,100.0,0.0
BRA,URU,0.9999570209047938,4.297909520623033e-05,100.0,0.0
BRA,USA,0.9999881719977547,1.1828002245306557e-05,100.0,0.0
BRA,UZB,0.9999999962188035,3.7811964670453335e-09,100.0,0.0
CAN,ALG,0.5223538415133355,0.4776461584866645,52.2,47.8
CAN,ARG,0.000178114509380134,0.9998218854906199,0.0,100.0
CAN,AUT,0.000581359287066992,0.999418640712933,0.1,99.9
CAN,BEL,1.5706248496296482e-05,0.9999842937515037,0.0,100.0
CAN,BRA,1.1419179264944447e-06,0.9999988580820736,0.0,100.0
CAN,CIV,0.030469579927557354,0.9695304200724426,3.0,97.0
CAN,COL,0.3744705758815207,0.6255294241184792,37.4,62.6
CAN,CPV,0.9971682544235175,0.0028317455764824695,99.7,0.3
CAN,CRO,0.0010553129904925167,0.9989446870095074,0.1,99.9
CAN,ECU,0.3506526142142633,0.6493473857857367,35.1,64.9
CAN,EGY,0.5017709863932429,0.4982290136067571,50.2,49.8
CAN,ENG,1.046766902002231e-07,0.9999998953233098,0.0,100.0
CAN,ESP,3.0547727976178194e-08,0.999999969452272,0.0,100.0
CAN,FRA,9.26622574608627e-09,0.9999999907337742,0.0,100.0
CAN,GER,2.032313864254713e-08,0.9999999796768614,0.0,100.0
CAN,GHA,0.05761997539545149,0.9423800246045485,5.8,94.2
CAN,HAI,0.9956303433458863,0.004369656654113707,99.6,0.4
CAN,JOR,0.5574473931373957,0.44255260686260434,55.7,44.3
CAN,JPN,0.002935629776621785,0.9970643702233782,0.3,99.7
CAN,KOR,0.6733513942976946,0.32664860570230536,67.3,32.7
CAN,MAR,6.635483488525794e-05,0.9999336451651147,0.0,100.0
CAN,MEX,0.9986631207339328,0.0013368792660671813,99.9,0.1
CAN,NED,1.81200338707306e-06,0.9999981879966129,0.0,100.0
CAN,NOR,0.06718745275166516,0.9328125472483348,6.7,93.3
CAN,NZL,0.9917956701346016,0.00820432986539843,99.2,0.8
CAN,PAN,0.9036267787018674,0.09637322129813264,90.4,9.6
CAN,PAR,0.9871572842366607,0.012842715763339285,98.7,1.3
CAN,POR,6.683473937446519e-06,0.9999933165260626,0.0,100.0
CAN,RSA,0.9919973148679305,0.008002685132069476,99.2,0.8
CAN,SCO,0.0034544616346769306,0.9965455383653231,0.3,99.7
CAN,SEN,0.019626680919528277,0.9803733190804718,2.0,98.0
CAN,SUI,0.008804918252793203,0.9911950817472068,0.9,99.1
CAN,TUN,0.9713500989192771,0.02864990108072285,97.1,2.9
CAN,URU,0.025880443515888828,0.9741195564841112,2.6,97.4
CAN,USA,0.08804270057775916,0.9119572994222408,8.8,91.2
CAN,UZB,0.9966996638393844,0.0033003361606156467,99.7,0.3
CIV,ALG,0.9720654280743681,0.027934571925631868,97.2,2.8
CIV,ARG,0.005636594161631701,0.9943634058383684,0.6,99.4
CIV,AUT,0.018173019998339843,0.9818269800016601,1.8,98.2
CIV,BEL,0.0004995250404615146,0.9995004749595385,0.0,100.0
CIV,BRA,3.633411446494343e-05,0.9999636658855351,0.0,100.0
CIV,CAN,0.969530420072441,0.030469579927559054,97.0,3.0
CIV,COL,0.9501214091454266,0.04987859085457336,95.0,5.0
CIV,CPV,0.9999107615422569,8.923845774311268e-05,100.0,0.0
CIV,CRO,0.032521903550582404,0.9674780964494176,3.3,96.7
CIV,ECU,0.9450030922313704,0.054996907768629644,94.5,5.5
CIV,EGY,0.9697389944713618,0.030261005528638196,97.0,3.0
CIV,ENG,3.3307616401809353e-06,0.9999966692383598,0.0,100.0
CIV,ESP,9.720161460706695e-07,0.999999027983854,0.0,100.0
CIV,FRA,2.948476872939035e-07,0.9999997051523127,0.0,100.0
CIV,GER,6.466741205683607e-07,0.9999993533258794,0.0,100.0
CIV,GHA,0.6605046090303313,0.33949539096966874,66.1,33.9
CIV,HAI,0.9998620904571255,0.00013790954287451473,100.0,0.0
CIV,JOR,0.975657595707679,0.02434240429232104,97.6,2.4
CIV,JPN,0.08566048867474961,0.9143395113252504,8.6,91.4
CIV,KOR,0.9849833533220975,0.015016646677902479,98.5,1.5
CIV,MAR,0.0021070765192528085,0.9978929234807472,0.2,99.8
CIV,MEX,0.9999579312186436,4.206878135637471e-05,100.0,0.0
CIV,NED,5.7654037442561374e-05,0.9999423459625575,0.0,100.0
CIV,NOR,0.6962207076866519,0.3037792923133481,69.6,30.4
CIV,NZL,0.9997400959526511,0.00025990404734888006,100.0,0.0
CIV,PAN,0.9966594413970238,0.003340558602976218,99.7,0.3
CIV,PAR,0.999591306233998,0.0004086937660020551,100.0,0.0
CIV,POR,0.00021262179705164595,0.9997873782029484,0.0,100.0
CIV,RSA,0.9997465337340093,0.0002534662659906539,100.0,0.0
CIV,SCO,0.09934307330810446,0.9006569266918956,9.9,90.1
CIV,SEN,0.3891324275540619,0.610867572445938,38.9,61.1
CIV,SUI,0.22036890566519773,0.7796310943348023,22.0,78.0
CIV,TUN,0.9990739168429054,0.0009260831570946371,99.9,0.1
CIV,URU,0.4581075936350336,0.5418924063649664,45.8,54.2
CIV,USA,0.7544172811231034,0.24558271887689664,75.4,24.6
CIV,UZB,0.9998959472168774,0.00010405278312264343,100.0,0.0
COL,ALG,0.646241809624287,0.353758190375713,64.6,35.4
COL,ARG,0.0002974935030181287,0.9997025064969819,0.0,100.0
COL,AUT,0.0009707455749688289,0.9990292544250312,0.1,99.9
COL,BEL,2.6236018945266702e-05,0.9999737639810548,0.0,100.0
COL,BRA,1.907500247277217e-06,0.9999980924997527,0.0,100.0
COL,CAN,0.6255294241184658,0.3744705758815342,62.6,37.4
COL,CIV,0.04987859085457066,0.9501214091454293,5.0,95.0
COL,CPV,0.9983028584863052,0.001697141513694822,99.8,0.2
COL,CRO,0.0017615872775686744,0.9982384127224313,0.2,99.8
COL,ECU,0.4742511315829822,0.5257488684170177,47.4,52.6
COL,EGY,0.6271873100092376,0.37281268999076245,62.7,37.3
COL,ENG,1.74855781366057e-07,0.9999998251442186,0.0,100.0
COL,ESP,5.1028047404620886e-08,0.9999999489719525,0.0,100.0
COL,FRA,1.5478644230049964e-08,0.9999999845213557,0.0,100.0
COL,GER,3.394851787275983e-08,0.9999999660514821,0.0,100.0
COL,GHA,0.09267060963208527,0.9073293903679147,9.3,90.7
COL,HAI,0.9973795275712456,0.0026204724287544057,99.7,0.3
COL,JOR,0.6778467646024745,0.3221532353975255,67.8,32.2
COL,JPN,0.004894151515474427,0.9951058484845255,0.5,99.5
COL,KOR,0.7749485279239735,0.2250514720760265,77.5,22.5
COL,MAR,0.00011083662616666463,0.9998891633738334,0.0,100.0
COL,MEX,0.999199253163328,0.0008007468366719728,99.9,0.1
COL,NED,3.026833431659602e-06,0.9999969731665683,0.0,100.0
COL,NOR,0.10739480014046462,0.8926051998595353,10.7,89.3
COL,NZL,0.9950722860251746,0.004927713974825387,99.5,0.5
COL,PAN,0.9399852141617401,0.06001478583825992,94.0,6.0
COL,PAR,0.9922719276976014,0.007728072302398581,99.2,0.8
COL,POR,1.116427067821008e-05,0.9999888357293217,0.0,100.0
COL,RSA,0.9951937888631003,0.0048062111368997185,99.5,0.5
COL,SCO,0.005757126286360425,0.9942428737136396,0.6,99.4
COL,SEN,0.03235933113445968,0.9676406688655403,3.2,96.8
COL,SUI,0.014621745097147703,0.9853782549028522,1.5,98.5
COL,TUN,0.982649345466631,0.017350654533369037,98.3,1.7
COL,URU,0.04249431735600249,0.9575056826439975,4.2,95.8
COL,USA,0.138872527805314,0.861127472194686,13.9,86.1
COL,UZB,0.9980216470146871,0.0019783529853129034,99.8,0.2
CPV,ALG,0.0030959763849306393,0.9969040236150694,0.3,99.7
CPV,ARG,5.058971433401201e-07,0.9999994941028567,0.0,100.0
CPV,AUT,1.6518942388596267e-06,0.9999983481057612,0.0,100.0
CPV,BEL,4.460310091608166e-08,0.9999999553968991,0.0,100.0
CPV,BRA,3.242807524968954e-09,0.9999999967571924,0.0,100.0
CPV,CAN,0.0028317455764824205,0.9971682544235175,0.3,99.7
CPV,CIV,8.923845774318048e-05,0.9999107615422568,0.0,100.0
CPV,COL,0.0016971415136946765,0.9983028584863053,0.2,99.8
CPV,CRO,3.0000212204234694e-06,0.9999969999787796,0.0,100.0
CPV,ECU,0.0015311589874329775,0.998468841012567,0.2,99.8
CPV,EGY,0.002851819401663355,0.9971481805983367,0.3,99.7
CPV,ENG,2.972595487875762e-10,0.9999999997027404,0.0,100.0
CPV,ESP,8.67490474344478e-11,0.999999999913251,0.0,100.0
CPV,FRA,2.631410887101409e-11,0.9999999999736859,0.0,100.0
CPV,GER,5.771338875084669e-11,0.9999999999422866,0.0,100.0
CPV,GHA,0.00017360306240582924,0.9998263969375941,0.0,100.0
CPV,HAI,0.39285320682882,0.60714679317118,39.3,60.7
CPV,JOR,0.003564298369761144,0.9964357016302389,0.4,99.6
CPV,JPN,8.361038873758775e-06,0.9999916389611262,0.0,100.0
CPV,KOR,0.005819850507884686,0.9941801494921153,0.6,99.4
CPV,MAR,1.8844607499397762e-07,0.999999811553925,0.0,100.0
CPV,MEX,0.6796259447822566,0.3203740552177434,68.0,32.0
CPV,NED,5.1457131977440715e-09,0.9999999948542868,0.0,100.0
CPV,NOR,0.00020449879912672923,0.9997955012008732,0.0,100.0
CPV,NZL,0.2555607457393673,0.7444392542606326,25.6,74.4
CPV,PAN,0.02593617445712168,0.9740638255428783,2.6,97.4
CPV,PAR,0.1791710828435322,0.8208289171564678,17.9,82.1
CPV,POR,1.8979769769365563e-08,0.9999999810202302,0.0,100.0
CPV,RSA,0.260362962319717,0.739637037680283,26.0,74.0
CPV,SCO,9.843844310162707e-06,0.9999901561556899,0.0,100.0
CPV,SEN,5.6848168295515804e-05,0.9999431518317045,0.0,100.0
CPV,SUI,2.522557190083428e-05,0.9999747744280991,0.0,100.0
CPV,TUN,0.08782471511338354,0.9121752848866165,8.8,91.2
CPV,URU,7.544187503299524e-05,0.9999245581249671,0.0,100.0
CPV,USA,0.000274085201986789,0.9997259147980132,0.0,100.0
CPV,UZB,0.46167506406560876,0.5383249359343912,46.2,53.8
CRO,ALG,0.999034922903286,0.0009650770967140065,99.9,0.1
CRO,ARG,0.14429773062280338,0.8557022693771966,14.4,85.6
CRO,AUT,0.35509948904834415,0.6449005109516559,35.5,64.5
CRO,BEL,0.014649745360629346,0.9853502546393706,1.5,98.5
CRO,BRA,0.0010797578192622268,0.9989202421807378,0.1,99.9
CRO,CAN,0.9989446870095073,0.0010553129904926628,99.9,0.1
CRO,CIV,0.9674780964494157,0.032521903550584264,96.7,3.3
CRO,COL,0.9982384127224312,0.0017615872775688102,99.8,0.2
CRO,CPV,0.9999969999787797,3.000021220334048e-06,100.0,0.0
CRO,ECU,0.9980474998799153,0.0019525001200847436,99.8,0.2
CRO,EGY,0.9989521285977356,0.0010478714022643665,99.9,0.1
CRO,ENG,9.907570118425262e-05,0.9999009242988157,0.0,100.0
CRO,ESP,2.8915221746439926e-05,0.9999710847782536,0.0,100.0
CRO,FRA,8.771204331472421e-06,0.9999912287956685,0.0,100.0
CRO,GER,1.923723238267566e-05,0.9999807627676173,0.0,100.0
CRO,GHA,0.9830154828699901,0.016984517130009924,98.3,1.7
CRO,HAI,0.9999953635346458,4.636465354201924e-06,100.0,0.0
CRO,JOR,0.9991620139828069,0.0008379860171930931,99.9,0.1
CRO,JPN,0.7359393085430761,0.2640606914569239,73.6,26.4
CRO,KOR,0.9994877801831124,0.0005122198168876491,99.9,0.1
CRO,MAR,0.05910224537933237,0.9408977546206676,5.9,94.1
CRO,MEX,0.9999985857948837,1.4142051163457126e-06,100.0,0.0
CRO,NED,0.0017122835193586023,0.9982877164806414,0.2,99.8
CRO,NOR,0.9855448553820584,0.014455144617941618,98.6,1.4
CRO,NZL,0.9999912610963129,8.73890368713326e-06,100.0,0.0
CRO,PAN,0.9998873429961855,0.00011265700381446475,100.0,0.0
CRO,PAR,0.9999862562771055,1.3743722894532517e-05,100.0,0.0
CRO,POR,0.006286753004467366,0.9937132469955327,0.6,99.4
CRO,RSA,0.9999914776105828,8.52238941717598e-06,100.0,0.0
CRO,SCO,0.7664250316784403,0.23357496832155966,76.6,23.4
CRO,SEN,0.9498753797557837,0.05012462024421627,95.0,5.0
CRO,SUI,0.8937148418096356,0.10628515819036444,89.4,10.6
CRO,TUN,0.9999688417075847,3.115829241528978e-05,100.0,0.0
CRO,URU,0.9617575256705618,0.03824247432943817,96.2,3.8
CRO,USA,0.9891758328904151,0.010824167109584892,98.9,1.1
CRO,UZB,0.9999965019002485,3.4980997515310364e-06,100.0,0.0
ECU,ALG,0.6694385531343399,0.33056144686566014,66.9,33.1
ECU,ARG,0.00032978692035098394,0.999670213079649,0.0,100.0
ECU,AUT,0.0010760429673155759,0.9989239570326844,0.1,99.9
ECU,BEL,2.908483935463004e-05,0.9999709151606454,0.0,100.0
ECU,BRA,2.1146304605314564e-06,0.9999978853695395,0.0,100.0
ECU,CAN,0.6493473857857236,0.3506526142142764,64.9,35.1
ECU,CIV,0.05499690776862662,0.9450030922313734,5.5,94.5
ECU,COL,0.5257488684170034,0.4742511315829966,52.6,47.4
ECU,CPV,0.9984688410125669,0.0015311589874330567,99.8,0.2
ECU,CRO,0.0019525001200846879,0.9980474998799154,0.2,99.8
ECU,EGY,0.6509586626310095,0.34904133736899046,65.1,34.9
ECU,ENG,1.938429269257244e-07,0.9999998061570731,0.0,100.0
ECU,ESP,5.656905433690169e-08,0.9999999434309457,0.0,100.0
ECU,FRA,1.715943122315181e-08,0.9999999828405688,0.0,100.0
ECU,GER,3.763490185182368e-08,0.9999999623650981,0.0,100.0
ECU,GHA,0.1017099837397705,0.8982900162602295,10.2,89.8
ECU,HAI,0.9976355991207816,0.002364400879218409,99.8,0.2
ECU,JOR,0.6999333711357151,0.3000666288642849,70.0,30.0
ECU,JPN,0.00542271324523513,0.9945772867547649,0.5,99.5
ECU,KOR,0.7924166100588367,0.20758338994116332,79.2,20.8
ECU,MAR,0.00012287061765465574,0.9998771293823453,0.0,100.0
ECU,MEX,0.9992776306249795,0.0007223693750204596,99.9,0.1
ECU,NED,3.355508553516666e-06,0.9999966444914464,0.0,100.0
ECU,NOR,0.11768413052684351,0.8823158694731565,11.8,88.2
ECU,NZL,0.9955528150149227,0.004447184985077346,99.6,0.4
ECU,PAN,0.9455436119314328,0.05445638806856723,94.6,5.4
ECU,PAR,0.9930236207783171,0.006976379221682927,99.3,0.7
ECU,POR,1.237655573001415e-05,0.99998762344427,0.0,100.0
ECU,RSA,0.9956625210773686,0.004337478922631366,99.6,0.4
ECU,SCO,0.006378290740590875,0.9936217092594091,0.6,99.4
ECU,SEN,0.03574753910570356,0.9642524608942964,3.6,96.4
ECU,SUI,0.01618378797552986,0.9838162120244701,1.6,98.4
ECU,TUN,0.9843222183746235,0.015677781625376475,98.4,1.6
ECU,URU,0.04689229084448327,0.9531077091555167,4.7,95.3
ECU,USA,0.15166526151486973,0.8483347384851303,15.2,84.8
ECU,UZB,0.99821508319484,0.0017849168051600195,99.8,0.2
EGY,ALG,0.5205861150013193,0.47941388499868065,52.1,47.9
EGY,ARG,0.00017685743157577844,0.9998231425684242,0.0,100.0
EGY,AUT,0.0005772578739439517,0.9994227421260561,0.1,99.9
EGY,BEL,1.5595380712641807e-05,0.9999844046192874,0.0,100.0
EGY,BRA,1.1338572020928888e-06,0.9999988661427979,0.0,100.0
EGY,CAN,0.4982290136067427,0.5017709863932573,49.8,50.2
EGY,CIV,0.030261005528636562,0.9697389944713635,3.0,97.0
EGY,COL,0.37281268999074896,0.6271873100092511,37.3,62.7
EGY,CPV,0.9971481805983365,0.002851819401663458,99.7,0.3
EGY,CRO,0.00104787140226423,0.9989521285977357,0.1,99.9
EGY,ECU,0.3490413373689773,0.6509586626310226,34.9,65.1
EGY,ENG,1.0393778348861945e-07,0.9999998960622165,0.0,100.0
EGY,ESP,3.033209331249064e-08,0.9999999696679067,0.0,100.0
EGY,FRA,9.200815987422997e-09,0.999999990799184,0.0,100.0
EGY,GER,2.0179678768406164e-08,0.9999999798203212,0.0,100.0
EGY,GHA,0.057236519434019535,0.9427634805659805,5.7,94.3
EGY,HAI,0.995599415608264,0.004400584391735962,99.6,0.4
EGY,JOR,0.5556990737164813,0.4443009262835187,55.6,44.4
EGY,JPN,0.002914967738645193,0.9970850322613548,0.3,99.7
EGY,KOR,0.6717913697408756,0.3282086302591244,67.2,32.8
EGY,MAR,6.588647074964948e-05,0.9999341135292503,0.0,100.0
EGY,MEX,0.9986536294868757,0.001346370513124251,99.9,0.1
EGY,NED,1.7992125814812001e-06,0.9999982007874185,0.0,100.0
EGY,NOR,0.06674483558637741,0.9332551644136226,6.7,93.3
EGY,NZL,0.9917378264169816,0.008262173583018395,99.2,0.8
EGY,PAN,0.9030081013357728,0.0969918986642272,90.3,9.7
EGY,PAR,0.9870671645274854,0.012932835472514559,98.7,1.3
EGY,POR,6.636295989042318e-06,0.9999933637040109,0.0,100.0
EGY,RSA,0.9919408812719183,0.008059118728081738,99.2,0.8
EGY,SCO,0.0034301604308797696,0.9965698395691203,0.3,99.7
EGY,SEN,0.01949083762908801,0.980509162370912,1.9,98.1
EGY,SUI,0.0087433082632991,0.991256691736701,0.9,99.1
EGY,TUN,0.9711522987426738,0.028847701257326164,97.1,2.9
EGY,URU,0.02570245048464031,0.9742975495153597,2.6,97.4
EGY,USA,0.08747557723066057,0.9125244227693394,8.7,91.3
EGY,UZB,0.9966762793169087,0.00332372068309128,99.7,0.3
ENG,ALG,0.9999999042824702,9.571752979109505e-08,100.0,0.0
ENG,ARG,0.9994127564491331,0.0005872435508669227,99.9,0.1
ENG,AUT,0.9998200819588957,0.00017991804110428777,100.0,0.0
ENG,BEL,0.9933795735128447,0.006620426487155329,99.3,0.7
ENG,BRA,0.9160299672881396,0.08397003271186043,91.6,8.4
ENG,CAN,0.9999998953233099,1.0467669009361913e-07,100.0,0.0
ENG,CIV,0.9999966692383597,3.33076164027446e-06,100.0,0.0
ENG,COL,0.9999998251442187,1.7485578129861068e-07,100.0,0.0
ENG,CPV,0.9999999997027404,2.9725955030812656e-10,100.0,0.0
ENG,CRO,0.9999009242988157,9.907570118428133e-05,100.0,0.0
ENG,ECU,0.999999806157073,1.9384292704316408e-07,100.0,0.0
ENG,EGY,0.9999998960622164,1.0393778360207051e-07,100.0,0.0
ENG,ESP,0.22590392057305306,0.7740960794269469,22.6,77.4
ENG,FRA,0.08132339651773547,0.9186766034822645,8.1,91.9
ENG,GER,0.16258532027676317,0.8374146797232368,16.3,83.7
ENG,GHA,0.9999982880058059,1.71199419407575e-06,100.0,0.0
ENG,HAI,0.9999999995405913,4.594087332776553e-10,100.0,0.0
ENG,JOR,0.99999991689809,8.310191002003364e-08,100.0,0.0
ENG,JPN,0.9999644486169642,3.5551383035792306e-05,100.0,0.0
ENG,KOR,0.9999999492204262,5.077957376808939e-08,100.0,0.0
ENG,MAR,0.9984250596522163,0.0015749403477837154,99.8,0.2
ENG,MEX,0.9999999998598725,1.401274651868789e-10,100.0,0.0
ENG,NED,0.9453865449511085,0.05461345504889148,94.5,5.5
ENG,NOR,0.9999985466989096,1.45330109035946e-06,100.0,0.0
ENG,NZL,0.9999999991340935,8.659064576477249e-10,100.0,0.0
ENG,PAN,0.9999999888360648,1.1163935220714905e-08,100.0,0.0
ENG,PAR,0.9999999986381773,1.3618226546441292e-09,100.0,0.0
ENG,POR,0.984579597903099,0.015420402096900987,98.5,1.5
ENG,RSA,0.9999999991555475,8.444525079198684e-10,100.0,0.0
ENG,SCO,0.9999698037029758,3.0196297024165375e-05,100.0,0.0
ENG,SEN,0.9999947713162105,5.22868378949326e-06,100.0,0.0
ENG,SUI,0.9999882163802352,1.1783619764837994e-05,100.0,0.0
ENG,TUN,0.9999999969125684,3.0874316436779736e-09,100.0,0.0
ENG,URU,0.999996060066749,3.939933250984851e-06,100.0,0.0
ENG,USA,0.9999989157468187,1.084253181349304e-06,100.0,0.0
ENG,UZB,0.9999999996533877,3.4661229442178865e-10,100.0,0.0
ESP,ALG,0.9999999720668179,2.793318210070339e-08,100.0,0.0
ESP,ARG,0.9998285538238104,0.00017144617618958247,100.0,0.0
ESP,AUT,0.999947487952474,5.2512047525987704e-05,100.0,0.0
ESP,BEL,0.9980588647388385,0.001941135261161464,99.8,0.2
ESP,BRA,0.973945765665372,0.026054234334627946,97.4,2.6
ESP,CAN,0.9999999694522719,3.054772812483009e-08,100.0,0.0
ESP,CIV,0.999999027983854,9.720161460169408e-07,100.0,0.0
ESP,COL,0.9999999489719525,5.102804745416023e-08,100.0,0.0
ESP,CPV,0.999999999913251,8.674905238592601e-11,100.0,0.0
ESP,CRO,0.9999710847782536,2.8915221746417252e-05,100.0,0.0
ESP,ECU,0.9999999434309458,5.6569054218691406e-08,100.0,0.0
ESP,EGY,0.9999999696679067,3.0332093281515426e-08,100.0,0.0
ESP,ENG,0.7740960794269369,0.22590392057306308,77.4,22.6
ESP,FRA,0.23273814149235936,0.7672618585076406,23.3,76.7
ESP,GER,0.399504468246772,0.600495531753228,40.0,60.0
ESP,GHA,0.9999995003893192,4.996106808263789e-07,100.0,0.0
ESP,HAI,0.999999999865931,1.3406897814149943e-10,100.0,0.0
ESP,JOR,0.9999999757484258,2.425157419327917e-08,100.0,0.0
ESP,JPN,0.9999896248033996,1.037519660040953e-05,100.0,0.0
ESP,KOR,0.9999999851810317,1.4818968274710187e-08,100.0,0.0
ESP,MAR,0.9995398730616643,0.0004601269383357476,100.0,0.0
ESP,MEX,0.9999999999591067,4.089328875522824e-11,100.0,0.0
ESP,NED,0.983420989404596,0.01657901059540401,98.3,1.7
ESP,NOR,0.9999995758837168,4.2411628320415673e-07,100.0,0.0
ESP,NZL,0.9999999997473032,2.5269675241190726e-10,100.0,0.0
ESP,PAN,0.9999999967420365,3.257963454572632e-09,100.0,0.0
ESP,PAR,0.9999999996025803,3.974196527423146e-10,100.0,0.0
ESP,POR,0.99545018958959,0.004549810410410027,99.5,0.5
ESP,RSA,0.999999999753564,2.4643598273144107e-10,100.0,0.0
ESP,SCO,0.9999911876471926,8.812352807363588e-06,100.0,0.0
ESP,SEN,0.9999984741111956,1.5258888044211716e-06,100.0,0.0
ESP,SUI,0.9999965611657418,3.4388342582403197e-06,100.0,0.0
ESP,TUN,0.999999999098997,9.010030499467803e-10,100.0,0.0
ESP,URU,0.9999988502088111,1.149791188925775e-06,100.0,0.0
ESP,USA,0.999999683582905,3.164170949698786e-07,100.0,0.0
ESP,UZB,0.9999999998988485,1.0115153159517831e-10,100.0,0.0
FRA,ALG,0.9999999915268601,8.47313985641307e-09,100.0,0.0
FRA,ARG,0.9999479879907273,5.201200927273941e-05,100.0,0.0
FRA,AUT,0.9999840706229141,1.5929377085943663e-05,100.0,0.0
FRA,BEL,0.999410386452881,0.0005896135471189501,99.9,0.1
FRA,BRA,0.9919507097825088,0.008049290217491234,99.2,0.8
FRA,CAN,0.9999999907337743,9.266225675652606e-09,100.0,0.0
FRA,CIV,0.9999997051523127,2.9484768726550925e-07,100.0,0.0
FRA,COL,0.9999999845213559,1.547864414419564e-08,100.0,0.0
FRA,CPV,0.9999999999736859,2.631406204045561e-11,100.0,0.0
FRA,CRO,0.9999912287956685,8.771204331514681e-06,100.0,0.0
FRA,ECU,0.9999999828405689,1.7159431098257016e-08,100.0,0.0
FRA,EGY,0.999999990799184,9.200815997978395e-09,100.0,0.0
FRA,ENG,0.9186766034822603,0.08132339651773968,91.9,8.1
FRA,ESP,0.7672618585076304,0.2327381414923696,76.7,23.3
FRA,GER,0.6868393131393071,0.31316068686069287,68.7,31.3
FRA,GHA,0.9999998484500429,1.515499571391743e-07,100.0,0.0
FRA,HAI,0.9999999999593321,4.0667913481229334e-11,100.0,0.0
FRA,JOR,0.9999999926436245,7.3563755087491245e-09,100.0,0.0
FRA,JPN,0.999996852806638,3.147193362029732e-06,100.0,0.0
FRA,KOR,0.9999999955048735,4.495126493253565e-09,100.0,0.0
FRA,MAR,0.9998603821809717,0.00013961781902827042,100.0,0.0
FRA,MEX,0.9999999999875957,1.2404299809531949e-11,100.0,0.0
FRA,NED,0.9949122254820016,0.005087774517998356,99.5,0.5
FRA,NOR,0.9999998713502259,1.2864977405602218e-07,100.0,0.0
FRA,NZL,0.999999999923348,7.665201806617006e-11,100.0,0.0
FRA,PAN,0.9999999990117423,9.882576978981206e-10,100.0,0.0
FRA,PAR,0.9999999998794482,1.2055179077208322e-10,100.0,0.0
FRA,POR,0.9986154902534607,0.001384509746539253,99.9,0.1
FRA,RSA,0.9999999999252471,7.475287056024627e-11,100.0,0.0
FRA,SCO,0.9999973268797564,2.6731202436014456e-06,100.0,0.0
FRA,SEN,0.9999995371425048,4.628574952203479e-07,100.0,0.0
FRA,SUI,0.9999989568752797,1.0431247202680183e-06,100.0,0.0
FRA,TUN,0.9999999997266933,2.7330671059644374e-10,100.0,0.0
FRA,URU,0.9999996512266629,3.4877333709992797e-07,100.0,0.0
FRA,USA,0.9999999040192836,9.598071637473282e-08,100.0,0.0
FRA,UZB,0.999999999969317,3.0683011686960526e-11,100.0,0.0
GER,ALG,0.9999999814162962,1.858370379803631e-08,100.0,0.0
GER,ARG,0.9998859318004504,0.00011406819954962177,100.0,0.0
GER,AUT,0.9999650635762484,3.493642375163031e-05,100.0,0.0
GER,BEL,0.9987077399487304,0.0012922600512695892,99.9,0.1
GER,BRA,0.9825138546069095,0.017486145393090458,98.3,1.7
GER,CAN,0.9999999796768615,2.0323138505418115e-08,100.0,0.0
GER,CIV,0.9999993533258794,6.466741205857218e-07,100.0,0.0
GER,COL,0.999999966051482,3.394851799676246e-08,100.0,0.0
GER,CPV,0.9999999999422866,5.771338962290429e-11,100.0,0.0
GER,CRO,0.9999807627676174,1.923723238261843e-05,100.0,0.0
GER,ECU,0.9999999623650982,3.7634901750571714e-08,100.0,0.0
GER,EGY,0.9999999798203212,2.0179678816845126e-08,100.0,0.0
GER,ENG,0.8374146797232289,0.16258532027677108,83.7,16.3
GER,ESP,0.6004955317532142,0.39950446824678576,60.0,40.0
GER,FRA,0.3131606868606805,0.6868393131393196,31.3,68.7
GER,GHA,0.9999996676132924,3.323867076021614e-07,100.0,0.0
GER,HAI,0.9999999999108051,8.919487370917523e-11,100.0,0.0
GER,JOR,0.9999999838656379,1.6134362068598307e-08,100.0,0.0
GER,JPN,0.9999930974477317,6.902552268317486e-06,100.0,0.0
GER,KOR,0.9999999901410689,9.858931115935832e-09,100.0,0.0
GER,MAR,0.9996938343872195,0.0003061656127805179,100.0,0.0
GER,MEX,0.999999999972794,2.720601521843946e-11,100.0,0.0
GER,NED,0.9889085802401345,0.011091419759865495,98.9,1.1
GER,NOR,0.9999997178390757,2.8216092429200756e-07,100.0,0.0
GER,NZL,0.9999999998318829,1.681170758160988e-10,100.0,0.0
GER,PAN,0.9999999978325051,2.167494850269236e-09,100.0,0.0
GER,PAR,0.9999999997356002,2.6439983535908596e-10,100.0,0.0
GER,POR,0.996968433947767,0.0030315660522329813,99.7,0.3
GER,RSA,0.9999999998360483,1.6395174107231014e-10,100.0,0.0
GER,SCO,0.9999941372008277,5.8627991722515205e-06,100.0,0.0
GER,SEN,0.9999989848388964,1.0151611036235408e-06,100.0,0.0
GER,SUI,0.9999977121707649,2.2878292350592133e-06,100.0,0.0
GER,TUN,0.9999999994005704,5.994296170541702e-10,100.0,0.0
GER,URU,0.9999992350536014,7.649463985570648e-07,100.0,0.0
GER,USA,0.9999997894904292,2.105095707749527e-07,100.0,0.0
GER,UZB,0.9999999999327047,6.729528045923416e-11,100.0,0.0
GHA,ALG,0.9470505268878295,0.052949473112170464,94.7,5.3
GHA,ARG,0.00290513382909727,0.9970948661709027,0.3,99.7
GHA,AUT,0.009424057965202667,0.9905759420347974,0.9,99.1
GHA,BEL,0.0002568152098572109,0.9997431847901428,0.0,100.0
GHA,BRA,1.8675845791975827e-05,0.999981324154208,0.0,100.0
GHA,CAN,0.9423800246045454,0.0576199753954546,94.2,5.8
GHA,CIV,0.33949539096965586,0.6605046090303441,33.9,66.1
GHA,COL,0.9073293903679099,0.09267060963209006,90.7,9.3
GHA,CPV,0.9998263969375941,0.00017360306240588042,100.0,0.0
GHA,CRO,0.016984517130008998,0.983015482869991,1.7,98.3
GHA,ECU,0.8982900162602242,0.1017099837397758,89.8,10.2
GHA,EGY,0.9427634805659774,0.05723651943402264,94.3,5.7
GHA,ENG,1.711994193943802e-06,0.999998288005806,0.0,100.0
GHA,ESP,4.996106808628236e-07,0.9999995003893192,0.0,100.0
GHA,FRA,1.5154995718398125e-07,0.9999998484500429,0.0,100.0
GHA,GER,3.323867076631463e-07,0.9999996676132923,0.0,100.0
GHA,HAI,0.9997317253354888,0.0002682746645111811,100.0,0.0
GHA,JOR,0.9537062217599239,0.04629377824007608,95.4,4.6
GHA,JPN,0.04594159332331898,0.9540584066766811,4.6,95.4
GHA,KOR,0.9711934153451616,0.02880658465483843,97.1,2.9
GHA,MAR,0.0010841348507748805,0.9989158651492251,0.1,99.9
GHA,MEX,0.9999181564184159,8.184358158414007e-05,100.0,0.0
GHA,NED,2.963465837740331e-05,0.9999703653416226,0.0,100.0
GHA,NOR,0.5408640406501186,0.4591359593498814,54.1,45.9
GHA,NZL,0.9994944684127149,0.0005055315872850574,99.9,0.1
GHA,PAN,0.9935212467656533,0.006478753234346657,99.4,0.6
GHA,PAR,0.9992051737770181,0.0007948262229818814,99.9,0.1
GHA,POR,0.00010929761743198668,0.999890702382568,0.0,100.0
GHA,RSA,0.9995069873482992,0.0004930126517007638,100.0,0.0
GHA,SCO,0.05365213804595989,0.9463478619540401,5.4,94.6
GHA,SEN,0.24666029205052778,0.7533397079494722,24.7,75.3
GHA,SUI,0.12685448352965262,0.8731455164703474,12.7,87.3
GHA,TUN,0.9981998370075306,0.001800162992469434,99.8,0.2
GHA,URU,0.3029040184477633,0.6970959815522366,30.3,69.7
GHA,USA,0.6122471945015164,0.38775280549848357,61.2,38.8
GHA,UZB,0.9997975802221263,0.00020241977787371912,100.0,0.0
HAI,ALG,0.004776702869722228,0.9952232971302778,0.5,99.5
HAI,ARG,7.818537259034767e-07,0.9999992181462741,0.0,100.0
HAI,AUT,2.5529672880913947e-06,0.9999974470327119,0.0,100.0
HAI,BEL,6.893320089306103e-08,0.9999999310667991,0.0,100.0
HAI,BRA,5.011694322330993e-09,0.9999999949883057,0.0,100.0
HAI,CAN,0.004369656654113475,0.9956303433458865,0.4,99.6
HAI,CIV,0.00013790954287444413,0.9998620904571256,0.0,100.0
HAI,COL,0.0026204724287543827,0.9973795275712456,0.3,99.7
HAI,CPV,0.6071467931711663,0.39285320682883373,60.7,39.3
HAI,CRO,4.63646535410304e-06,0.9999953635346459,0.0,100.0
HAI,ECU,0.0023644008792183947,0.9976355991207816,0.2,99.8
HAI,EGY,0.004400584391735812,0.9955994156082641,0.4,99.6
HAI,ENG,4.594087018239888e-10,0.9999999995405913,0.0,100.0
HAI,ESP,1.3406892203615314e-10,0.9999999998659311,0.0,100.0
HAI,FRA,4.0667930255499426e-11,0.9999999999593321,0.0,100.0
HAI,GER,8.919489084706012e-11,0.9999999999108051,0.0,100.0
HAI,GHA,0.00026827466451131326,0.9997317253354887,0.0,100.0
HAI,JOR,0.0054978627778594705,0.9945021372221405,0.5,99.5
HAI,JPN,1.2921759831420134e-05,0.9999870782401685,0.0,100.0
HAI,KOR,0.00896599927368861,0.9910340007263114,0.9,99.1
HAI,MAR,2.9123961919718646e-07,0.9999997087603808,0.0,100.0
HAI,MEX,0.7662735673048533,0.2337264326951467,76.6,23.4
HAI,NED,7.952597060461047e-09,0.999999992047403,0.0,100.0
HAI,NOR,0.00031601356268951274,0.9996839864373105,0.0,100.0
HAI,NZL,0.3466411216276807,0.6533588783723193,34.7,65.3
HAI,PAN,0.039524658504215965,0.9604753414957841,4.0,96.0
HAI,PAR,0.25225170260505114,0.7477482973949489,25.2,74.8
HAI,POR,2.933285520134406e-08,0.9999999706671447,0.0,100.0
HAI,RSA,0.3523447720856283,0.6476552279143717,35.2,64.8
HAI,SCO,1.5213383292500312e-05,0.9999847866167075,0.0,100.0
HAI,SEN,8.785498555570889e-05,0.9999121450144443,0.0,100.0
HAI,SUI,3.898508165001399e-05,0.99996101491835,0.0,100.0
HAI,TUN,0.12952618211468647,0.8704738178853135,13.0,87.0
HAI,URU,0.0001165891148106539,0.9998834108851894,0.0,100.0
HAI,USA,0.000423529890168439,0.9995764701098315,0.0,100.0
HAI,UZB,0.5699711740697567,0.4300288259302433,57.0,43.0
JOR,ALG,0.4647252533011292,0.5352747466988708,46.5,53.5
JOR,ARG,0.00014140874146285223,0.9998585912585372,0.0,100.0
JOR,AUT,0.00046159135955710405,0.9995384086404429,0.0,100.0
JOR,BEL,1.2469093591505247e-05,0.9999875309064085,0.0,100.0
JOR,BRA,9.065588616172515e-07,0.9999990934411384,0.0,100.0
JOR,CAN,0.4425526068625901,0.5574473931374099,44.3,55.7
JOR,CIV,0.024342404292319608,0.9756575957076804,2.4,97.6
JOR,COL,0.32215323539751306,0.6778467646024869,32.2,67.8
JOR,CPV,0.9964357016302385,0.003564298369761465,99.6,0.4
JOR,CRO,0.0008379860171931342,0.9991620139828069,0.1,99.9
JOR,ECU,0.30006662886427277,0.6999333711357272,30.0,70.0
JOR,EGY,0.44430092628350454,0.5556990737164955,44.4,55.6
JOR,ENG,8.310191005573392e-08,0.99999991689809,0.0,100.0
JOR,ESP,2.4251574051889927e-08,0.9999999757484259,0.0,100.0
JOR,FRA,7.356375539689552e-09,0.9999999926436245,0.0,100.0
JOR,GER,1.6134361976191694e-08,0.999999983865638,0.0,100.0
JOR,GHA,0.04629377824007356,0.9537062217599265,4.6,95.4
JOR,HAI,0.9945021372221402,0.005497862777859797,99.5,0.5
JOR,JPN,0.00233198177477512,0.9976680182252249,0.2,99.8
JOR,KOR,0.6207125044420669,0.37928749555793306,62.1,37.9
JOR,MAR,5.267924316309134e-05,0.9999473207568369,0.0,100.0
JOR,MEX,0.9983166265810463,0.0016833734189537486,99.8,0.2
JOR,NED,1.4385341683415812e-06,0.9999985614658317,0.0,100.0
JOR,NOR,0.054088544691190066,0.9459114553088099,5.4,94.6
JOR,NZL,0.98968764066212,0.010312359337879995,99.0,1.0
JOR,PAN,0.8815696774074663,0.11843032259253372,88.2,11.8
JOR,PAR,0.9838768372371407,0.0161231627628593,98.4,1.6
JOR,POR,5.30595877701467e-06,0.999994694041223,0.0,100.0
JOR,RSA,0.989940570714748,0.010059429285252053,99.0,1.0
JOR,SCO,0.0027444208730713782,0.9972555791269286,0.3,99.7
JOR,SEN,0.015644736786991215,0.9843552632130088,1.6,98.4
JOR,SUI,0.007002856122056122,0.9929971438779439,0.7,99.3
JOR,TUN,0.964178500081345,0.03582149991865502,96.4,3.6
JOR,URU,0.020656442918955277,0.9793435570810447,2.1,97.9
JOR,USA,0.07118813580577624,0.9288118641942238,7.1,92.9
JOR,UZB,0.9958463948708246,0.004153605129175397,99.6,0.4
JPN,ALG,0.997314952865969,0.002685047134030949,99.7,0.3
JPN,ARG,0.05705391300840317,0.9429460869915969,5.7,94.3
JPN,AUT,0.16497513424424973,0.8350248657557503,16.5,83.5
JPN,BEL,0.00530628500237454,0.9946937149976255,0.5,99.5
JPN,BRA,0.0003876938338899484,0.9996123061661101,0.0,100.0
JPN,CAN,0.9970643702233781,0.002935629776621873,99.7,0.3
JPN,CIV,0.9143395113252458,0.08566048867475418,91.4,8.6
JPN,COL,0.9951058484845254,0.004894151515474565,99.5,0.5
JPN,CPV,0.9999916389611262,8.361038873805349e-06,100.0,0.0
JPN,CRO,0.2640606914569128,0.7359393085430872,26.4,73.6
JPN,ECU,0.9945772867547645,0.0054227132452354665,99.5,0.5
JPN,EGY,0.9970850322613546,0.002914967738645413,99.7,0.3
JPN,ENG,3.5551383035722496e-05,0.9999644486169643,0.0,100.0
JPN,ESP,1.0375196600409805e-05,0.9999896248033996,0.0,100.0
JPN,FRA,3.147193362072329e-06,0.999996852806638,0.0,100.0
JPN,GER,6.902552268363293e-06,0.9999930974477317,0.0,100.0
JPN,GHA,0.9540584066766784,0.045941593323321595,95.4,4.6
JPN,HAI,0.9999870782401685,1.2921759831474589e-05,100.0,0.0
JPN,JOR,0.9976680182252247,0.002331981774775338,99.8,0.2
JPN,KOR,0.9985737446875615,0.0014262553124384514,99.9,0.1
JPN,MAR,0.022041628235663795,0.9779583717643362,2.2,97.8
JPN,MEX,0.9999960586087254,3.941391274575601e-06,100.0,0.0
JPN,NED,0.000615055784829566,0.9993849442151704,0.1,99.9
JPN,NOR,0.9607278506519734,0.039272149348026586,96.1,3.9
JPN,NZL,0.9999756449842323,2.4355015767696386e-05,100.0,0.0
JPN,PAN,0.9996860872048284,0.000313912795171567,100.0,0.0
JPN,PAR,0.9999616970725199,3.8302927480082793e-05,100.0,0.0
JPN,POR,0.0022648651041195034,0.9977351348958805,0.2,99.8
JPN,RSA,0.999976248392662,2.37516073380295e-05,100.0,0.0
JPN,SCO,0.5407258544081399,0.4592741455918601,54.1,45.9
JPN,SEN,0.8717867336687507,0.1282132663312493,87.2,12.8
JPN,SUI,0.7510635108358219,0.2489364891641781,75.1,24.9
JPN,TUN,0.9999131664188987,8.683358110128658e-05,100.0,0.0
JPN,URU,0.9002357606839418,0.09976423931605816,90.0,10.0
JPN,USA,0.9704054022761469,0.02959459772385309,97.0,3.0
JPN,UZB,0.9999902508283025,9.749171697492898e-06,100.0,0.0
KOR,ALG,0.3466250934683497,0.6533749065316503,34.7,65.3
KOR,ARG,8.641281932497562e-05,0.999913587180675,0.0,100.0
KOR,AUT,0.0002821068810280145,0.999717893118972,0.0,100.0
KOR,BEL,7.619299084711175e-06,0.9999923807009153,0.0,100.0
KOR,BRA,5.539546230819698e-07,0.9999994460453769,0.0,100.0
KOR,CAN,0.32664860570229265,0.6733513942977074,32.7,67.3
KOR,CIV,0.015016646677901598,0.9849833533220984,1.5,98.5
KOR,COL,0.22505147207601653,0.7749485279239835,22.5,77.5
KOR,CPV,0.9941801494921149,0.005819850507885138,99.4,0.6
KOR,CRO,0.0005122198168877802,0.9994877801831122,0.1,99.9
KOR,ECU,0.20758338994115388,0.7924166100588461,20.8,79.2
KOR,EGY,0.3282086302591117,0.6717913697408884,32.8,67.2
KOR,ENG,5.077957369045604e-08,0.9999999492204263,0.0,100.0
KOR,ESP,1.481896821220143e-08,0.9999999851810318,0.0,100.0
KOR,FRA,4.495126556736261e-09,0.9999999955048734,0.0,100.0
KOR,GER,9.858931052594504e-09,0.999999990141069,0.0,100.0
KOR,GHA,0.02880658465483681,0.9711934153451632,2.9,97.1
KOR,HAI,0.9910340007263108,0.00896599927368924,99.1,0.9
KOR,JOR,0.3792874955579196,0.6207125044420805,37.9,62.1
KOR,JPN,0.0014262553124384269,0.9985737446875615,0.1,99.9
KOR,MAR,3.219040612940996e-05,0.9999678095938705,0.0,100.0
KOR,MEX,0.9972480703014169,0.0027519296985830666,99.7,0.3
KOR,NED,8.790193903971642e-07,0.9999991209806096,0.0,100.0
KOR,NOR,0.03376115795594471,0.9662388420440553,3.4,96.6
KOR,NZL,0.9832336474985144,0.016766352501485615,98.3,1.7
KOR,PAN,0.8197723214178245,0.18022767858217548,82.0,18.0
KOR,PAR,0.9738821234212578,0.026117876578742205,97.4,2.6
KOR,POR,3.24222237335876e-06,0.9999967577776266,0.0,100.0
KOR,RSA,0.9836422575482627,0.016357742451737267,98.4,1.6
KOR,SCO,0.0016787753130222984,0.9983212246869777,0.2,99.8
KOR,SEN,0.00961827174368768,0.9903817282563123,1.0,99.0
KOR,SUI,0.004290794911163629,0.9957092050888364,0.4,99.6
KOR,TUN,0.9426841797706466,0.05731582022935344,94.3,5.7
KOR,URU,0.012724388084017033,0.987275611915983,1.3,98.7
KOR,USA,0.04473837722592053,0.9552616227740794,4.5,95.5
KOR,UZB,0.9932204561101624,0.0067795438898375915,99.3,0.7
MAR,ALG,0.9999393240568736,6.067594312642033e-05,100.0,0.0
MAR,ARG,0.7285981537205669,0.2714018462794331,72.9,27.1
MAR,AUT,0.8976027281293951,0.10239727187060488,89.8,10.2
MAR,BEL,0.19138920167378942,0.8086107983262105,19.1,80.9
MAR,BRA,0.016917031869231106,0.9830829681307689,1.7,98.3
MAR,CAN,0.9999336451651147,6.635483488526273e-05,100.0,0.0
MAR,CIV,0.9978929234807471,0.002107076519252904,99.8,0.2
MAR,COL,0.9998891633738334,0.0001108366261666216,100.0,0.0
MAR,CPV,0.999999811553925,1.884460749668193e-07,100.0,0.0
MAR,CRO,0.9408977546206645,0.059102245379335505,94.1,5.9
MAR,ECU,0.9998771293823453,0.0001228706176547023,100.0,0.0
MAR,EGY,0.9999341135292503,6.588647074967646e-05,100.0,0.0
MAR,ENG,0.0015749403477836102,0.9984250596522164,0.2,99.8
MAR,ESP,0.0004601269383357729,0.9995398730616643,0.0,100.0
MAR,FRA,0.0001396178190283778,0.9998603821809716,0.0,100.0
MAR,GER,0.0003061656127804965,0.9996938343872195,0.0,100.0
MAR,GHA,0.9989158651492251,0.0010841348507748538,99.9,0.1
MAR,HAI,0.9999997087603809,2.9123961908794627e-07,100.0,0.0
MAR,JOR,0.9999473207568369,5.2679243163100686e-05,100.0,0.0
MAR,JPN,0.977958371764335,0.022041628235665023,97.8,2.2
MAR,KOR,0.9999678095938705,3.21904061294509e-05,100.0,0.0
MAR,MEX,0.9999999111669592,8.883304081219734e-08,100.0,0.0
MAR,NED,0.02658021978963067,0.9734197802103693,2.7,97.3
MAR,NOR,0.9990795341998168,0.0009204658001832344,99.9,0.1
MAR,NZL,0.9999994510635639,5.489364360844462e-07,100.0,0.0
MAR,PAN,0.9999929227326675,7.077267332511461e-06,100.0,0.0
MAR,PAR,0.9999991366805355,8.633194644724895e-07,100.0,0.0
MAR,POR,0.09150145618978268,0.9084985438102173,9.2,90.8
MAR,RSA,0.999999464664071,5.353359290305448e-07,100.0,0.0
MAR,SCO,0.9812162245694113,0.018783775430588734,98.1,1.9
MAR,SEN,0.9966962374074151,0.0033037625925849134,99.7,0.3
MAR,SUI,0.9925851397441897,0.007414860255810285,99.3,0.7
MAR,TUN,0.99999804274289,1.957257110052346e-06,100.0,0.0
MAR,URU,0.9975085134328433,0.0024914865671566977,99.8,0.2
MAR,USA,0.9993131148508053,0.0006868851491946826,99.9,0.1
MAR,UZB,0.9999997802670623,2.1973293773402958e-07,100.0,0.0
MEX,ALG,0.0014618282512705448,0.9985381717487295,0.1,99.9
MEX,ARG,2.384787748635399e-07,0.9999997615212252,0.0,100.0
MEX,AUT,7.786996983762112e-07,0.9999992213003016,0.0,100.0
MEX,BEL,2.102579626688804e-08,0.9999999789742038,0.0,100.0
MEX,BRA,1.5286517632557437e-09,0.9999999984713482,0.0,100.0
MEX,CAN,0.0013368792660671432,0.9986631207339328,0.1,99.9
MEX,CIV,4.206878135639514e-05,0.9999579312186436,0.0,100.0
MEX,COL,0.0008007468366718894,0.9991992531633281,0.1,99.9
MEX,CPV,0.3203740552177308,0.6796259447822692,32.0,68.0
MEX,CRO,1.4142051163344275e-06,0.9999985857948837,0.0,100.0
MEX,ECU,0.0007223693750205057,0.9992776306249795,0.1,99.9
MEX,EGY,0.0013463705131240991,0.9986536294868759,0.1,99.9
MEX,ENG,1.4012744487373249e-10,0.9999999998598725,0.0,100.0
MEX,ESP,4.089329480061034e-11,0.9999999999591067,0.0,100.0
MEX,FRA,1.2404408385654017e-11,0.9999999999875956,0.0,100.0
MEX,GER,2.7205954300279748e-11,0.9999999999727941,0.0,100.0
MEX,GHA,8.184358158416601e-05,0.9999181564184159,0.0,100.0
MEX,HAI,0.23372643269513652,0.7662735673048635,23.4,76.6
MEX,JOR,0.0016833734189537716,0.9983166265810463,0.2,99.8
MEX,JPN,3.941391274444857e-06,0.9999960586087255,0.0,100.0
MEX,KOR,0.0027519296985829174,0.997248070301417,0.3,99.7
MEX,MAR,8.883304075301427e-08,0.9999999111669593,0.0,100.0
MEX,NED,2.42567697906381e-09,0.999999997574323,0.0,100.0
MEX,NOR,9.641066976417878e-05,0.9999035893302358,0.0,100.0
MEX,NZL,0.13928701325832024,0.8607129867416797,13.9,86.1
MEX,PAN,0.012396201981255949,0.9876037980187441,1.2,98.8
MEX,PAR,0.09329700639824297,0.906702993601757,9.3,90.7
MEX,POR,8.947018453017071e-09,0.9999999910529815,0.0,100.0
MEX,RSA,0.1423220490493388,0.8576779509506612,14.2,85.8
MEX,SCO,4.640388959771161e-06,0.9999953596110402,0.0,100.0
MEX,SEN,2.6798896741937427e-05,0.999973201103258,0.0,100.0
MEX,SUI,1.1891433208586478e-05,0.9999881085667914,0.0,100.0
MEX,TUN,0.043415917889676955,0.9565840821103231,4.3,95.7
MEX,URU,3.556453887005628e-05,0.9999644354611299,0.0,100.0
MEX,USA,0.00012922183477377815,0.9998707781652262,0.0,100.0
MEX,UZB,0.2878899123213547,0.7121100876786453,28.8,71.2
NED,ALG,0.999998343083706,1.6569162939461535e-06,100.0,0.0
NED,ARG,0.9899309606207463,0.010069039379253741,99.0,1.0
NED,AUT,0.9968946405040062,0.003105359495993776,99.7,0.3
NED,BEL,0.8965661170548668,0.10343388294513323,89.7,10.3
NED,BRA,0.38657680279709866,0.6134231972029014,38.7,61.3
NED,CAN,0.9999981879966129,1.8120033871138475e-06,100.0,0.0
NED,CIV,0.9999423459625575,5.765403744251163e-05,100.0,0.0
NED,COL,0.9999969731665683,3.026833431674092e-06,100.0,0.0
NED,CPV,0.9999999948542868,5.145713188881018e-09,100.0,0.0
NED,CRO,0.9982877164806413,0.0017122835193587038,99.8,0.2
NED,ECU,0.9999966444914465,3.355508553459785e-06,100.0,0.0
NED,EGY,0.9999982007874186,1.7992125813659499e-06,100.0,0.0
NED,ENG,0.054613455048888426,0.9453865449511116,5.5,94.5
NED,ESP,0.016579010595403062,0.983420989404597,1.7,98.3
NED,FRA,0.005087774517998061,0.994912225482002,0.5,99.5
NED,GER,0.01109141975986494,0.9889085802401351,1.1,98.9
NED,GHA,0.9999703653416225,2.9634658377464262e-05,100.0,0.0
NED,HAI,0.9999999920474031,7.952596914329035e-09,100.0,0.0
NED,JOR,0.9999985614658317,1.4385341683409436e-06,100.0,0.0
NED,JPN,0.9993849442151703,0.0006150557848296767,99.9,0.1
NED,KOR,0.9999991209806096,8.7901939038737e-07,100.0,0.0
NED,MAR,0.9734197802103679,0.026580219789632098,97.3,2.7
NED,MEX,0.999999997574323,2.425676992601211e-09,100.0,0.0
NED,NOR,0.9999748432189777,2.5156781022328545e-05,100.0,0.0
NED,NZL,0.9999999850107228,1.49892771528215e-08,100.0,0.0
NED,PAN,0.9999998067466678,1.9325333222575125e-07,100.0,0.0
NED,PAR,0.9999999764261619,2.3573838103807532e-08,100.0,0.0
NED,POR,0.7867104609364082,0.21328953906359183,78.7,21.3
NED,RSA,0.9999999853820989,1.4617901111790843e-08,100.0,0.0
NED,SCO,0.9994775441355034,0.0005224558644966182,99.9,0.1
NED,SEN,0.9999094965558992,9.050344410077571e-05,100.0,0.0
NED,SUI,0.9997960587754243,0.00020394122457567665,100.0,0.0
NED,TUN,0.9999999465549969,5.34450030897915e-08,100.0,0.0
NED,URU,0.9999318021441064,6.819785589362581e-05,100.0,0.0
NED,USA,0.9999812313606444,1.8768639355570826e-05,100.0,0.0
NED,UZB,0.9999999939999666,6.000033359043755e-09,100.0,0.0
NOR,ALG,0.9382077099215499,0.06179229007845011,93.8,6.2
NOR,ARG,0.002467232252144505,0.9975327677478555,0.2,99.8
NOR,AUT,0.008011429960272251,0.9919885700397277,0.8,99.2
NOR,BEL,0.00021801721848289024,0.9997819827815171,0.0,100.0
NOR,BRA,1.585384852437558e-05,0.9999841461514756,0.0,100.0
NOR,CAN,0.9328125472483313,0.06718745275166871,93.3,6.7
NOR,CIV,0.30377929231333595,0.696220707686664,30.4,69.6
NOR,COL,0.8926051998595298,0.1073948001404702,89.3,10.7
NOR,CPV,0.9997955012008733,0.00020449879912665114,100.0,0.0
NOR,CRO,0.014455144617940783,0.9855448553820593,1.4,98.6
NOR,ECU,0.8823158694731504,0.11768413052684956,88.2,11.8
NOR,EGY,0.933255164413619,0.066744835586381,93.3,6.7
NOR,ENG,1.4533010902998031e-06,0.9999985466989098,0.0,100.0
NOR,ESP,4.2411628308895903e-07,0.9999995758837169,0.0,100.0
NOR,FRA,1.2864977396334712e-07,0.999999871350226,0.0,100.0
NOR,GER,2.821609241753602e-07,0.9999997178390758,0.0,100.0
NOR,GHA,0.459135959349867,0.540864040650133,45.9,54.1
NOR,HAI,0.9996839864373105,0.00031601356268951,100.0,0.0
NOR,JOR,0.945911455308807,0.05408854469119295,94.6,5.4
NOR,JPN,0.03927214934802429,0.9607278506519757,3.9,96.1
NOR,KOR,0.9662388420440533,0.0337611579559467,96.6,3.4
NOR,MAR,0.0009204658001832526,0.9990795341998168,0.1,99.9
NOR,MEX,0.9999035893302358,9.641066976417978e-05,100.0,0.0
NOR,NED,2.5156781022223438e-05,0.9999748432189778,0.0,100.0
NOR,NZL,0.9994045353035133,0.0005954646964867472,99.9,0.1
NOR,PAN,0.9923767935758955,0.007623206424104523,99.2,0.8
NOR,PAR,0.9990638239062347,0.0009361760937652841,99.9,0.1
NOR,POR,9.278356753078103e-05,0.9999072164324693,0.0,100.0
NOR,RSA,0.9994192800399876,0.0005807199600124102,99.9,0.1
NOR,SCO,0.045917209780035335,0.9540827902199647,4.6,95.4
NOR,SEN,0.2174947748342347,0.7825052251657653,21.7,78.3
NOR,SUI,0.1097904672407212,0.8902095327592788,11.0,89.0
NOR,TUN,0.9978800799212646,0.0021199200787354044,99.8,0.2
NOR,URU,0.2694669577280963,0.7305330422719036,26.9,73.1
NOR,USA,0.572717334837891,0.427282665162109,57.3,42.7
NOR,UZB,0.999761557264052,0.0002384427359479746,100.0,0.0
NZL,ALG,0.008965370450355458,0.9910346295496445,0.9,99.1
NZL,ARG,1.473658744274415e-06,0.9999985263412557,0.0,100.0
NZL,AUT,4.811893257584462e-06,0.9999951881067424,0.0,100.0
NZL,BEL,1.2992721653901544e-07,0.9999998700727835,0.0,100.0
NZL,BRA,9.446181547322519e-09,0.9999999905538185,0.0,100.0
NZL,CAN,0.008204329865398098,0.9917956701346019,0.8,99.2
NZL,CIV,0.00025990404734877056,0.9997400959526512,0.0,100.0
NZL,COL,0.004927713974824985,0.9950722860251751,0.5,99.5
NZL,CPV,0.7444392542606217,0.25556074573937826,74.4,25.6
NZL,CRO,8.73890368710398e-06,0.9999912610963129,0.0,100.0
NZL,ECU,0.00444718498507707,0.9955528150149229,0.4,99.6
NZL,EGY,0.008262173583018029,0.9917378264169819,0.8,99.2
NZL,ENG,8.659063662348059e-10,0.9999999991340937,0.0,100.0
NZL,ESP,2.5269685288468883e-10,0.9999999997473031,0.0,100.0
NZL,FRA,7.665205204660939e-11,0.999999999923348,0.0,100.0
NZL,GER,1.6811702420686469e-10,0.9999999998318829,0.0,100.0
NZL,GHA,0.0005055315872850351,0.9994944684127149,0.1,99.9
NZL,HAI,0.6533588783723063,0.34664112162769367,65.3,34.7
NZL,JOR,0.01031235933787941,0.9896876406621206,1.0,99.0
NZL,JPN,2.435501576780159e-05,0.9999756449842322,0.0,100.0
NZL,KOR,0.016766352501484578,0.9832336474985154,1.7,98.3
NZL,MAR,5.489364360672594e-07,0.9999994510635639,0.0,100.0
NZL,MEX,0.8607129867416728,0.13928701325832715,86.1,13.9
NZL,NED,1.498927719426375e-08,0.9999999850107228,0.0,100.0
NZL,NOR,0.0005954646964867614,0.9994045353035133,0.1,99.9
NZL,PAN,0.07197986403663223,0.9280201359633677,7.2,92.8
NZL,PAR,0.388694662462883,0.611305337537117,38.9,61.1
NZL,POR,5.5287384215702704e-08,0.9999999447126158,0.0,100.0
NZL,RSA,0.5062717241707688,0.4937282758292312,50.6,49.4
NZL,SCO,2.8674224216313712e-05,0.9999713257757837,0.0,100.0
NZL,SEN,0.0001655786617487661,0.9998344213382513,0.0,100.0
NZL,SUI,7.347763732638905e-05,0.9999265223626737,0.0,100.0
NZL,TUN,0.21903169975513312,0.7809683002448669,21.9,78.1
NZL,URU,0.00021972775610551857,0.9997802722438944,0.0,100.0
NZL,USA,0.0007979819345827235,0.9992020180654173,0.1,99.9
NZL,UZB,0.7141386225129281,0.28586137748707185,71.4,28.6
PAN,ALG,0.10445154660337372,0.8955484533966263,10.4,89.6
PAN,ARG,1.899921650038276e-05,0.9999810007834996,0.0,100.0
PAN,AUT,6.203510330975173e-05,0.9999379648966903,0.0,100.0
PAN,BEL,1.6751196804816658e-06,0.9999983248803195,0.0,100.0
PAN,BRA,1.217874723215345e-07,0.9999998782125277,0.0,100.0
PAN,CAN,0.09637322129812773,0.9036267787018722,9.6,90.4
PAN,CIV,0.00334055860297605,0.996659441397024,0.3,99.7
PAN,COL,0.06001478583825658,0.9399852141617434,6.0,94.0
PAN,CPV,0.974063825542877,0.02593617445712304,97.4,2.6
PAN,CRO,0.0001126570038144264,0.9998873429961855,0.0,100.0
PAN,ECU,0.05445638806856411,0.9455436119314359,5.4,94.6
PAN,EGY,0.09699189866422218,0.9030081013357778,9.7,90.3
PAN,ENG,1.1163935167208872e-08,0.9999999888360648,0.0,100.0
PAN,ESP,3.257963462496295e-09,0.9999999967420365,0.0,100.0
PAN,FRA,9.88257600224341e-10,0.9999999990117424,0.0,100.0
PAN,GER,2.1674948325947338e-09,0.9999999978325051,0.0,100.0
PAN,GHA,0.006478753234346203,0.9935212467656538,0.6,99.4
PAN,HAI,0.960475341495782,0.039524658504218046,96.0,4.0
PAN,JOR,0.11843032259252759,0.8815696774074724,11.8,88.2
PAN,JPN,0.0003139127951715924,0.9996860872048284,0.0,100.0
PAN,KOR,0.1802276785821669,0.8197723214178331,18.0,82.0
PAN,MAR,7.077267332492032e-06,0.9999929227326675,0.0,100.0
PAN,MEX,0.9876037980187434,0.012396201981256572,98.8,1.2
PAN,NED,1.9325333225161305e-07,0.9999998067466678,0.0,100.0
PAN,NOR,0.007623206424103994,0.992376793575896,0.8,99.2
PAN,NZL,0.9280201359633639,0.07197986403663614,92.8,7.2
PAN,PAR,0.8912782260090779,0.10872177399092209,89.1,10.9
PAN,POR,7.128072936466852e-07,0.9999992871927064,0.0,100.0
PAN,RSA,0.9296781068457178,0.07032189315428217,93.0,7.0
PAN,SCO,0.0003695642716175052,0.9996304357283825,0.0,100.0
PAN,SEN,0.0021305728009588373,0.9978694271990411,0.2,99.8
PAN,SUI,0.0009465034839693461,0.9990534965160307,0.1,99.9
PAN,TUN,0.7833589059070899,0.2166410940929101,78.3,21.7
PAN,URU,0.002825516787986158,0.9971744832120139,0.3,99.7
PAN,USA,0.010191481528843636,0.9898085184711564,1.0,99.0
PAN,UZB,0.9698874238620181,0.030112576137981906,97.0,3.0
PAR,ALG,0.014027931357099213,0.9859720686429008,1.4,98.6
PAR,ARG,2.3176410246231048e-06,0.9999976823589753,0.0,100.0
PAR,AUT,7.5677085633560006e-06,0.9999924322914366,0.0,100.0
PAR,BEL,2.0433827042610724e-07,0.9999997956617296,0.0,100.0
PAR,BRA,1.4856137028983077e-08,0.999999985143863,0.0,100.0
PAR,CAN,0.012842715763338683,0.9871572842366613,1.3,98.7
PAR,CIV,0.00040869376600190086,0.9995913062339981,0.0,100.0
PAR,COL,0.007728072302398212,0.9922719276976018,0.8,99.2
PAR,CPV,0.8208289171564592,0.17917108284354077,82.1,17.9
PAR,CRO,1.3743722894544667e-05,0.9999862562771055,0.0,100.0
PAR,ECU,0.006976379221682492,0.9930236207783175,0.7,99.3
PAR,EGY,0.012932835472513799,0.9870671645274862,1.3,98.7
PAR,ENG,1.3618226189939844e-09,0.9999999986381773,0.0,100.0
PAR,ESP,3.97419748308563e-10,0.9999999996025802,0.0,100.0
PAR,FRA,1.2055171596723728e-10,0.9999999998794483,0.0,100.0
PAR,GER,2.643999111472983e-10,0.9999999997356,0.0,100.0
PAR,GHA,0.0007948262229817693,0.9992051737770182,0.1,99.9
PAR,HAI,0.7477482973949381,0.2522517026050619,74.8,25.2
PAR,JOR,0.016123162762858485,0.9838768372371415,1.6,98.4
PAR,JPN,3.830292748003494e-05,0.9999616970725199,0.0,100.0
PAR,KOR,0.026117876578740713,0.9738821234212592,2.6,97.4
PAR,MAR,8.633194644695728e-07,0.9999991366805355,0.0,100.0
PAR,MEX,0.9067029936017522,0.09329700639824778,90.7,9.3
PAR,NED,2.3573838184338293e-08,0.9999999764261618,0.0,100.0
PAR,NOR,0.0009361760937651095,0.9990638239062349,0.1,99.9
PAR,NZL,0.6113053375371034,0.38869466246289663,61.1,38.9
PAR,PAN,0.10872177399091648,0.8912782260090835,10.9,89.1
PAR,POR,8.695121200073977e-08,0.999999913048788,0.0,100.0
PAR,RSA,0.6172496648235594,0.38275033517644064,61.7,38.3
PAR,SCO,4.50955985564631e-05,0.9999549044014435,0.0,100.0
PAR,SEN,0.0002603831023991709,0.9997396168976008,0.0,100.0
PAR,SUI,0.00011555440841402796,0.999884445591586,0.0,100.0
PAR,TUN,0.3060788410861263,0.6939211589138736,30.6,69.4
PAR,URU,0.0003455253239755894,0.9996544746760244,0.0,100.0
PAR,USA,0.0012544236595426494,0.9987455763404574,0.1,99.9
PAR,UZB,0.7971170882343795,0.20288291176562046,79.7,20.3
POR,ALG,0.9999938885536509,6.1114463490996584e-06,100.0,0.0
POR,ARG,0.9638395966979664,0.03616040330203363,96.4,3.6
POR,AUT,0.9886408316659102,0.011359168334089786,98.9,1.1
POR,BEL,0.7014955565295794,0.2985044434704206,70.1,29.9
POR,BRA,0.1459240050527554,0.8540759949472446,14.6,85.4
POR,CAN,0.9999933165260626,6.683473937396656e-06,100.0,0.0
POR,CIV,0.9997873782029484,0.00021262179705161532,100.0,0.0
POR,COL,0.9999888357293218,1.1164270678154509e-05,100.0,0.0
POR,CPV,0.9999999810202301,1.8979769866867002e-08,100.0,0.0
POR,CRO,0.9937132469955323,0.006286753004467682,99.4,0.6
POR,ECU,0.99998762344427,1.2376555730053695e-05,100.0,0.0
POR,EGY,0.999993363704011,6.636295988959873e-06,100.0,0.0
POR,ENG,0.015420402096900022,0.9845795979031,1.5,98.5
POR,ESP,0.004549810410409795,0.9954501895895902,0.5,99.5
POR,FRA,0.0013845097465392277,0.9986154902534607,0.1,99.9
POR,GER,0.0030315660522328165,0.9969684339477671,0.3,99.7
POR,GHA,0.999890702382568,0.0001092976174319471,100.0,0.0
POR,HAI,0.9999999706671447,2.9332855255859158e-08,100.0,0.0
POR,JOR,0.9999946940412231,5.305958776902209e-06,100.0,0.0
POR,JPN,0.9977351348958804,0.0022648651041196066,99.8,0.2
POR,KOR,0.9999967577776265,3.242222373467385e-06,100.0,0.0
POR,MAR,0.9084985438102126,0.09150145618978744,90.8,9.2
POR,MEX,0.9999999910529817,8.94701834841527e-09,100.0,0.0
POR,NED,0.21328953906358225,0.7867104609364177,21.3,78.7
POR,NOR,0.9999072164324692,9.278356753084083e-05,100.0,0.0
POR,NZL,0.9999999447126158,5.528738422633239e-08,100.0,0.0
POR,PAN,0.9999992871927065,7.128072935236318e-07,100.0,0.0
POR,PAR,0.999999913048788,8.695121200830158e-08,100.0,0.0
POR,RSA,0.9999999460824225,5.3917577513828974e-08,100.0,0.0
POR,SCO,0.9980756441055098,0.0019243558944902484,99.8,0.2
POR,SEN,0.9996662626460077,0.00033373735399233606,100.0,0.0
POR,SUI,0.9992481826589211,0.0007518173410788753,99.9,0.1
POR,TUN,0.9999998028701398,1.9712986021325207e-07,100.0,0.0
POR,URU,0.9997485008794323,0.00025149912056765533,100.0,0.0
POR,USA,0.9999307760710037,6.922392899633145e-05,100.0,0.0
POR,UZB,0.9999999778691029,2.2130897114891468e-08,100.0,0.0
RSA,ALG,0.00874518591036113,0.9912548140896389,0.9,99.1
RSA,ARG,1.4371472527491217e-06,0.9999985628527472,0.0,100.0
RSA,AUT,4.692673778437601e-06,0.9999953073262215,0.0,100.0
RSA,BEL,1.2670812480524878e-07,0.9999998732918752,0.0,100.0
RSA,BRA,9.212141834031551e-09,0.9999999907878582,0.0,100.0
RSA,CAN,0.00800268513206915,0.9919973148679309,0.8,99.2
RSA,CIV,0.00025346626599050777,0.9997465337340095,0.0,100.0
RSA,COL,0.004806211136899387,0.9951937888631006,0.5,99.5
RSA,CPV,0.739637037680272,0.260362962319728,74.0,26.0
RSA,CRO,8.522389417122965e-06,0.9999914776105828,0.0,100.0
RSA,ECU,0.00433747892263103,0.995662521077369,0.4,99.6
RSA,EGY,0.008059118728081264,0.9919408812719187,0.8,99.2
RSA,ENG,8.444525673245395e-10,0.9999999991555474,0.0,100.0
RSA,ESP,2.464360056595306e-10,0.999999999753564,0.0,100.0
RSA,FRA,7.475291170527683e-11,0.9999999999252471,0.0,100.0
RSA,GER,1.6395173685730522e-10,0.9999999998360483,0.0,100.0
RSA,GHA,0.0004930126517008321,0.9995069873482991,0.0,100.0
RSA,HAI,0.6476552279143586,0.3523447720856414,64.8,35.2
RSA,JOR,0.010059429285251612,0.9899405707147484,1.0,99.0
RSA,JPN,2.375160733802364e-05,0.999976248392662,0.0,100.0
RSA,KOR,0.016357742451736212,0.9836422575482637,1.6,98.4
RSA,MAR,5.353359290395409e-07,0.999999464664071,0.0,100.0
RSA,MEX,0.8576779509506542,0.14232204904934576,85.8,14.2
RSA,NED,1.4617901088432472e-08,0.9999999853820989,0.0,100.0
RSA,NOR,0.0005807199600124258,0.9994192800399876,0.1,99.9
RSA,NZL,0.49372827582921675,0.5062717241707833,49.4,50.6
RSA,PAN,0.07032189315427848,0.9296781068457215,7.0,93.0
RSA,PAR,0.3827503351764271,0.6172496648235729,38.3,61.7
RSA,POR,5.391757749463107e-08,0.9999999460824225,0.0,100.0
RSA,SCO,2.7963808099483237e-05,0.9999720361919006,0.0,100.0
RSA,SEN,0.00016147692761052962,0.9998385230723895,0.0,100.0
RSA,SUI,7.165727711228652e-05,0.9999283427228877,0.0,100.0
RSA,TUN,0.21477045106325685,0.7852295489367431,21.5,78.5
RSA,URU,0.0002142849217019606,0.999785715078298,0.0,100.0
RSA,USA,0.0007782264256698539,0.9992217735743302,0.1,99.9
RSA,UZB,0.7089896058653553,0.2910103941346447,70.9,29.1
SCO,ALG,0.9968402676683571,0.003159732331642906,99.7,0.3
SCO,ARG,0.04887973796057446,0.9511202620394256,4.9,95.1
SCO,AUT,0.14369521749981637,0.8563047825001836,14.4,85.6
SCO,BEL,0.004510583305627426,0.9954894166943725,0.5,99.5
SCO,BRA,0.0003293131852643146,0.9996706868147357,0.0,100.0
SCO,CAN,0.9965455383653229,0.0034544616346771084,99.7,0.3
SCO,CIV,0.9006569266918905,0.09934307330810954,90.1,9.9
SCO,COL,0.9942428737136392,0.005757126286360825,99.4,0.6
SCO,CPV,0.9999901561556899,9.843844310131189e-06,100.0,0.0
SCO,CRO,0.23357496832154948,0.7664250316784506,23.4,76.6
SCO,ECU,0.9936217092594088,0.006378290740591153,99.4,0.6
SCO,EGY,0.99656983956912,0.0034301604308799583,99.7,0.3
SCO,ENG,3.0196297024229153e-05,0.9999698037029757,0.0,100.0
SCO,ESP,8.812352807389497e-06,0.9999911876471926,0.0,100.0
SCO,FRA,2.6731202435276373e-06,0.9999973268797565,0.0,100.0
SCO,GER,5.8627991723013675e-06,0.9999941372008277,0.0,100.0
SCO,GHA,0.9463478619540371,0.053652138045962916,94.6,5.4
SCO,HAI,0.9999847866167074,1.5213383292578264e-05,100.0,0.0
SCO,JOR,0.9972555791269285,0.0027444208730714736,99.7,0.3
SCO,JPN,0.4592741455918458,0.5407258544081541,45.9,54.1
SCO,KOR,0.9983212246869777,0.001678775313022296,99.8,0.2
SCO,MAR,0.018783775430587665,0.9812162245694124,1.9,98.1
SCO,MEX,0.9999953596110404,4.640388959642472e-06,100.0,0.0
SCO,NED,0.0005224558644965713,0.9994775441355034,0.1,99.9
SCO,NOR,0.9540827902199621,0.04591720978003788,95.4,4.6
SCO,NZL,0.9999713257757836,2.8674224216374e-05,100.0,0.0
SCO,PAN,0.9996304357283824,0.0003695642716176062,100.0,0.0
SCO,PAR,0.9999549044014435,4.509559855647716e-05,100.0,0.0
SCO,POR,0.0019243558944901037,0.9980756441055099,0.2,99.8
SCO,RSA,0.9999720361919004,2.7963808099551457e-05,100.0,0.0
SCO,SEN,0.8524043658089535,0.1475956341910465,85.2,14.8
SCO,SUI,0.7193071211753534,0.28069287882464655,71.9,28.1
SCO,TUN,0.9998977681636918,0.00010223183630819754,100.0,0.0
SCO,URU,0.8845847444164615,0.11541525558353849,88.5,11.5
SCO,USA,0.9653387583196299,0.0346612416803701,96.5,3.5
SCO,UZB,0.9999885218444541,1.1478155545918689e-05,100.0,0.0
SEN,ALG,0.9820229465052627,0.017977053494737327,98.2,1.8
SEN,ARG,0.008820105209002463,0.9911798947909976,0.9,99.1
SEN,AUT,0.02823596357432359,0.9717640364256764,2.8,97.2
SEN,BEL,0.0007839408802261033,0.9992160591197738,0.1,99.9
SEN,BRA,5.703681114357947e-05,0.9999429631888564,0.0,100.0
SEN,CAN,0.9803733190804705,0.01962668091952946,98.0,2.0
SEN,CIV,0.6108675724459244,0.3891324275540756,61.1,38.9
SEN,COL,0.9676406688655385,0.032359331134461544,96.8,3.2
SEN,CPV,0.9999431518317045,5.68481682955424e-05,100.0,0.0
SEN,CRO,0.05012462024421358,0.9498753797557864,5.0,95.0
SEN,ECU,0.9642524608942945,0.035747539105705495,96.4,3.6
SEN,EGY,0.9805091623709109,0.019490837629089097,98.1,1.9
SEN,ENG,5.228683789459744e-06,0.9999947713162105,0.0,100.0
SEN,ESP,1.5258888044505323e-06,0.9999984741111956,0.0,100.0
SEN,FRA,4.6285749519745907e-07,0.9999995371425048,0.0,100.0
SEN,GER,1.0151611036733172e-06,0.9999989848388964,0.0,100.0
SEN,GHA,0.7533397079494615,0.24666029205053852,75.3,24.7
SEN,HAI,0.9999121450144444,8.785498555563542e-05,100.0,0.0
SEN,JOR,0.984355263213008,0.015644736786991964,98.4,1.6
SEN,JPN,0.12821326633124297,0.871786733668757,12.8,87.2
SEN,KOR,0.9903817282563119,0.009618271743688123,99.0,1.0
SEN,MAR,0.003303762592584819,0.9966962374074152,0.3,99.7
SEN,MEX,0.999973201103258,2.6798896741953016e-05,100.0,0.0
SEN,NED,9.050344410062673e-05,0.9999094965558993,0.0,100.0
SEN,NOR,0.7825052251657555,0.2174947748342445,78.3,21.7
SEN,NZL,0.9998344213382512,0.00016557866174882196,100.0,0.0
SEN,PAN,0.9978694271990411,0.002130572800958852,99.8,0.2
SEN,PAR,0.9997396168976009,0.00026038310239906437,100.0,0.0
SEN,POR,0.0003337373539923756,0.9996662626460077,0.0,100.0
SEN,RSA,0.9998385230723895,0.00016147692761048216,100.0,0.0
SEN,SCO,0.14759563419103924,0.8524043658089607,14.8,85.2
SEN,SUI,0.3073458002233549,0.6926541997766451,30.7,69.3
SEN,TUN,0.9994098718228367,0.0005901281771633071,99.9,0.1
SEN,URU,0.5702808462851359,0.42971915371486413,57.0,43.0
SEN,USA,0.8282495984784665,0.17175040152153354,82.8,17.2
SEN,UZB,0.999933714207018,6.628579298195714e-05,100.0,0.0
SUI,ALG,0.991942612813339,0.008057387186661047,99.2,0.8
SUI,ARG,0.01966016330878638,0.9803398366912136,2.0,98.0
SUI,AUT,0.0614588325504171,0.9385411674495829,6.1,93.9
SUI,BEL,0.001765004783149006,0.998234995216851,0.2,99.8
SUI,BRA,0.0001285326235817338,0.9998714673764183,0.0,100.0
SUI,CAN,0.9911950817472063,0.008804918252793725,99.1,0.9
SUI,CIV,0.7796310943347924,0.22036890566520762,78.0,22.0
SUI,COL,0.9853782549028515,0.01462174509714853,98.5,1.5
SUI,CPV,0.9999747744280992,2.5225571900766575e-05,100.0,0.0
SUI,CRO,0.10628515819035887,0.8937148418096411,10.6,89.4
SUI,ECU,0.9838162120244693,0.01618378797553066,98.4,1.6
SUI,EGY,0.9912566917367004,0.00874330826329961,99.1,0.9
SUI,ENG,1.1783619764784873e-05,0.9999882163802352,0.0,100.0
SUI,ESP,3.438834258370074e-06,0.9999965611657416,0.0,100.0
SUI,FRA,1.0431247203630382e-06,0.9999989568752796,0.0,100.0
SUI,GER,2.2878292350621525e-06,0.9999977121707649,0.0,100.0
SUI,GHA,0.873145516470341,0.126854483529659,87.3,12.7
SUI,HAI,0.9999610149183501,3.8985081649900444e-05,100.0,0.0
SUI,JOR,0.9929971438779435,0.007002856122056533,99.3,0.7
SUI,JPN,0.24893648916416736,0.7510635108358327,24.9,75.1
SUI,KOR,0.9957092050888362,0.004290794911163798,99.6,0.4
SUI,MAR,0.007414860255809915,0.99258513974419,0.7,99.3
SUI,MEX,0.9999881085667913,1.1891433208677249e-05,100.0,0.0
SUI,NED,0.00020394122457573574,0.9997960587754242,0.0,100.0
SUI,NOR,0.8902095327592731,0.10979046724072694,89.0,11.0
SUI,NZL,0.9999265223626735,7.347763732645785e-05,100.0,0.0
SUI,PAN,0.9990534965160307,0.0009465034839692965,99.9,0.1
SUI,PAR,0.9998844455915861,0.0001155544084139315,100.0,0.0
SUI,POR,0.0007518173410788774,0.9992481826589211,0.1,99.9
SUI,RSA,0.9999283427228877,7.165727711233583e-05,100.0,0.0
SUI,SCO,0.2806928788246349,0.7193071211753651,28.1,71.9
SUI,SEN,0.6926541997766328,0.3073458002233672,69.3,30.7
SUI,TUN,0.9997380612477503,0.00026193875224966856,100.0,0.0
SUI,URU,0.74942622147685,0.25057377852315,74.9,25.1
SUI,USA,0.9157403432144807,0.08425965678551928,91.6,8.4
SUI,UZB,0.9999705864609933,2.941353900665078e-05,100.0,0.0
TUN,ALG,0.031247737080164182,0.9687522629198358,3.1,96.9
TUN,ARG,5.254382880534963e-06,0.9999947456171194,0.0,100.0
TUN,AUT,1.71568303164732e-05,0.9999828431696836,0.0,100.0
TUN,BEL,4.632617276235352e-07,0.9999995367382724,0.0,100.0
TUN,BRA,3.368082417422205e-08,0.9999999663191759,0.0,100.0
TUN,CAN,0.02864990108072123,0.9713500989192788,2.9,97.1
TUN,CIV,0.0009260831570945031,0.9990739168429055,0.1,99.9
TUN,COL,0.017350654533368058,0.982649345466632,1.7,98.3
TUN,CPV,0.9121752848866119,0.08782471511338807,91.2,8.8
TUN,CRO,3.1158292415288654e-05,0.9999688417075847,0.0,100.0
TUN,ECU,0.015677781625375652,0.9843222183746243,1.6,98.4
TUN,EGY,0.028847701257324495,0.9711522987426755,2.9,97.1
TUN,ENG,3.0874317382520485e-09,0.9999999969125682,0.0,100.0
TUN,ESP,9.010030592250368e-10,0.999999999098997,0.0,100.0
TUN,FRA,2.7330666224236615e-10,0.9999999997266933,0.0,100.0
TUN,GER,5.994295196869151e-10,0.9999999994005705,0.0,100.0
TUN,GHA,0.0018001629924692675,0.9981998370075307,0.2,99.8
TUN,HAI,0.8704738178853071,0.1295261821146929,87.0,13.0
TUN,JOR,0.03582149991865313,0.9641785000813469,3.6,96.4
TUN,JPN,8.683358110118018e-05,0.9999131664188988,0.0,100.0
TUN,KOR,0.05731582022935019,0.9426841797706498,5.7,94.3
TUN,MAR,1.9572571100302792e-06,0.99999804274289,0.0,100.0
TUN,MEX,0.9565840821103208,0.043415917889679245,95.7,4.3
TUN,NED,5.344500314439123e-08,0.9999999465549969,0.0,100.0
TUN,NOR,0.002119920078735279,0.9978800799212647,0.2,99.8
TUN,NZL,0.7809683002448571,0.21903169975514292,78.1,21.9
TUN,PAN,0.21664109409290047,0.7833589059070996,21.7,78.3
TUN,PAR,0.6939211589138615,0.3060788410861385,69.4,30.6
TUN,POR,1.971298601972237e-07,0.9999998028701398,0.0,100.0
TUN,RSA,0.7852295489367336,0.21477045106326642,78.5,21.5
TUN,SCO,0.00010223183630810812,0.9998977681636919,0.0,100.0
TUN,SEN,0.0005901281771632629,0.9994098718228367,0.1,99.9
TUN,SUI,0.00026193875224967637,0.9997380612477503,0.0,100.0
TUN,URU,0.000783008723871623,0.9992169912761284,0.1,99.9
TUN,USA,0.0028394307841818262,0.9971605692158182,0.3,99.7
TUN,UZB,0.8990658709519543,0.10093412904804566,89.9,10.1
URU,ALG,0.9762820977848815,0.02371790221511849,97.6,2.4
URU,ARG,0.006660623102320113,0.9933393768976799,0.7,99.3
URU,AUT,0.021425531176472237,0.9785744688235277,2.1,97.9
URU,BEL,0.0005908308488259148,0.9994091691511741,0.1,99.9
URU,BRA,4.297909520629574e-05,0.9999570209047937,0.0,100.0
URU,CAN,0.9741195564841097,0.02588044351589025,97.4,2.6
URU,CIV,0.5418924063649522,0.4581075936350478,54.2,45.8
URU,COL,0.9575056826439952,0.04249431735600484,95.8,4.2
URU,CPV,0.9999245581249671,7.544187503294442e-05,100.0,0.0
URU,CRO,0.038242474329435984,0.961757525670564,3.8,96.2
URU,ECU,0.9531077091555141,0.04689229084448587,95.3,4.7
URU,EGY,0.9742975495153583,0.025702450484641703,97.4,2.6
URU,ENG,3.93993325104619e-06,0.9999960600667489,0.0,100.0
URU,ESP,1.1497911890110297e-06,0.999998850208811,0.0,100.0
URU,FRA,3.4877333705608147e-07,0.9999996512266629,0.0,100.0
URU,GER,7.649463985135031e-07,0.9999992350536014,0.0,100.0
URU,GHA,0.6970959815522245,0.3029040184477755,69.7,30.3
URU,HAI,0.9998834108851894,0.00011658911481060574,100.0,0.0
URU,JOR,0.9793435570810435,0.02065644291895652,97.9,2.1
URU,JPN,0.09976423931605294,0.9002357606839471,10.0,90.0
URU,KOR,0.9872756119159823,0.012724388084017657,98.7,1.3
URU,MAR,0.0024914865671565602,0.9975085134328434,0.2,99.8
URU,MEX,0.99996443546113,3.556453886999211e-05,100.0,0.0
URU,NED,6.819785589347698e-05,0.9999318021441065,0.0,100.0
URU,NOR,0.7305330422718923,0.2694669577281077,73.1,26.9
URU,NZL,0.9997802722438943,0.00021972775610568096,100.0,0.0
URU,PAN,0.9971744832120136,0.0028255167879863707,99.7,0.3
URU,PAR,0.9996544746760244,0.0003455253239755818,100.0,0.0
URU,POR,0.0002514991205675882,0.9997485008794325,0.0,100.0
URU,RSA,0.999785715078298,0.00021428492170194602,100.0,0.0
URU,SCO,0.11541525558353259,0.8845847444164674,11.5,88.5
URU,SEN,0.42971915371485003,0.57028084628515,43.0,57.0
URU,SUI,0.2505737785231392,0.7494262214768608,25.1,74.9
URU,TUN,0.9992169912761284,0.0007830087238716033,99.9,0.1
URU,USA,0.7841937659248852,0.2158062340751148,78.4,21.6
URU,UZB,0.9999120339454488,8.796605455119177e-05,100.0,0.0
USA,ALG,0.9188815095365775,0.08111849046342245,91.9,8.1
USA,ARG,0.001841862306545441,0.9981581376934545,0.2,99.8
USA,AUT,0.005989208289504486,0.9940107917104956,0.6,99.4
USA,BEL,0.00016266337704149342,0.9998373366229585,0.0,100.0
USA,BRA,1.1828002245303777e-05,0.9999881719977547,0.0,100.0
USA,CAN,0.9119572994222364,0.08804270057776364,91.2,8.8
USA,CIV,0.24558271887688599,0.754417281123114,24.6,75.4
USA,COL,0.8611274721946791,0.1388725278053209,86.1,13.9
USA,CPV,0.9997259147980131,0.00027408520198690667,100.0,0.0
USA,CRO,0.010824167109584202,0.9891758328904158,1.1,98.9
USA,ECU,0.8483347384851229,0.15166526151487714,84.8,15.2
USA,EGY,0.9125244227693348,0.08747557723066524,91.3,8.7
USA,ENG,1.084253181353756e-06,0.9999989157468187,0.0,100.0
USA,ESP,3.16417094909789e-07,0.9999996835829051,0.0,100.0
USA,FRA,9.59807163911532e-08,0.9999999040192836,0.0,100.0
USA,GER,2.1050957076205823e-07,0.9999997894904292,0.0,100.0
USA,GHA,0.38775280549846997,0.61224719450153,38.8,61.2
USA,HAI,0.9995764701098315,0.00042352989016847253,100.0,0.0
USA,JOR,0.9288118641942199,0.0711881358057801,92.9,7.1
USA,JPN,0.02959459772385151,0.9704054022761485,3.0,97.0
USA,KOR,0.955261622774077,0.044738377225923,95.5,4.5
USA,MAR,0.0006868851491946008,0.9993131148508054,0.1,99.9
USA,MEX,0.9998707781652262,0.00012922183477381832,100.0,0.0
USA,NED,1.8768639355643512e-05,0.9999812313606443,0.0,100.0
USA,NOR,0.42728266516209495,0.5727173348379051,42.7,57.3
USA,NZL,0.9992020180654172,0.0007979819345828032,99.9,0.1
USA,PAN,0.9898085184711558,0.010191481528844193,99.0,1.0
USA,PAR,0.9987455763404574,0.0012544236595426472,99.9,0.1
USA,POR,6.922392899646501e-05,0.9999307760710036,0.0,100.0
USA,RSA,0.9992217735743302,0.0007782264256698257,99.9,0.1
USA,SCO,0.03466124168036826,0.9653387583196318,3.5,96.5
USA,SEN,0.1717504015215254,0.8282495984784746,17.2,82.8
USA,SUI,0.08425965678551493,0.915740343214485,8.4,91.6
USA,TUN,0.997160569215818,0.0028394307841820288,99.7,0.3
USA,URU,0.21580623407510519,0.7841937659248948,21.6,78.4
USA,UZB,0.9996804241847898,0.000319575815210249,100.0,0.0
UZB,ALG,0.0036081330494315642,0.9963918669505685,0.4,99.6
UZB,ARG,5.898889621752593e-07,0.9999994101110379,0.0,100.0
UZB,AUT,1.9261504153791282e-06,0.9999980738495846,0.0,100.0
UZB,BEL,5.200835638353784e-08,0.9999999479916436,0.0,100.0
UZB,BRA,3.7811965342327595e-09,0.9999999962188034,0.0,100.0
UZB,CAN,0.003300336160615522,0.9966996638393845,0.3,99.7
UZB,CIV,0.0001040527831226121,0.9998959472168774,0.0,100.0
UZB,COL,0.001978352985312931,0.9980216470146871,0.2,99.8
UZB,CPV,0.5383249359343769,0.4616750640656231,53.8,46.2
UZB,CRO,3.498099751526418e-06,0.9999965019002485,0.0,100.0
UZB,ECU,0.0017849168051598523,0.9982150831948402,0.2,99.8
UZB,EGY,0.0033237206830910543,0.9966762793169089,0.3,99.7
UZB,ENG,3.4661223878947826e-10,0.9999999996533878,0.0,100.0
UZB,ESP,1.0115160864570408e-10,0.9999999998988484,0.0,100.0
UZB,FRA,3.068292414875572e-11,0.9999999999693171,0.0,100.0
UZB,GER,6.729528778955734e-11,0.9999999999327047,0.0,100.0
UZB,GHA,0.00020241977787370375,0.9997975802221263,0.0,100.0
UZB,HAI,0.4300288259302292,0.5699711740697708,43.0,57.0
UZB,JOR,0.0041536051291750555,0.9958463948708249,0.4,99.6
UZB,JPN,9.749171697618e-06,0.9999902508283024,0.0,100.0
UZB,KOR,0.006779543889837202,0.9932204561101629,0.7,99.3
UZB,MAR,2.197329376660855e-07,0.9999997802670624,0.0,100.0
UZB,MEX,0.7121100876786336,0.2878899123213664,71.2,28.8
UZB,NED,6.00003322846146e-09,0.9999999939999668,0.0,100.0
UZB,NOR,0.0002384427359479444,0.999761557264052,0.0,100.0
UZB,NZL,0.28586137748706,0.71413862251294,28.6,71.4
UZB,PAN,0.030112576137980216,0.9698874238620198,3.0,97.0
UZB,PAR,0.20288291176561118,0.7971170882343888,20.3,79.7
UZB,POR,2.2130897049044387e-08,0.999999977869103,0.0,100.0
UZB,RSA,0.2910103941346328,0.7089896058653672,29.1,70.9
UZB,SCO,1.1478155545904391e-05,0.9999885218444541,0.0,100.0
UZB,SEN,6.628579298206945e-05,0.9999337142070179,0.0,100.0
UZB,SUI,2.9413539006588225e-05,0.9999705864609935,0.0,100.0
UZB,TUN,0.10093412904804044,0.8990658709519596,10.1,89.9
UZB,URU,8.796605455117989e-05,0.9999120339454488,0.0,100.0
UZB,USA,0.0003195758152102884,0.9996804241847898,0.0,100.0
